수집날짜,발행날짜,브랜드명,함께노출된브랜드,기사제목,링크,출처,미디어명,타입,비고
2026-04-02,2026-04-01,Van Cleef & Arpels,,#제작비지원 반클리프 아펠 꽃이 잠실 한복판에 피었습니다. 🌸 반클리프 아펠이 봄을 맞아 잠실 롯데월드타워 월드파크에 꿈결 같은 봄의 정원 ‘Spring is Blooming’의 문을 열었습니다. 모두에게 열려있는 이 아름다운 정원은 메종과 오래도록 협업해 온 프랑스 아티스 - instagram.com,https://news.google.com/rss/articles/CBMiVkFVX3lxTFBaYjhEd25VQ1FId0xKWGRQVVNuSTN1VXNxQllRS2RwRWVwUXktV3FvNS1yaHIzUDZGel9TVVYzLWpCbGFkVGZWOEdmaHgwa0JVM2x2WmpB?oc=5,Instagram @global:반클리프,Instagram,SNS,
2026-04-02,2026-04-01,Van Cleef & Arpels,,[기업家] 롯데그룹 ㅣ '바이오부터 유통·화학까지 전방위 확장…신사업...,https://www.cbci.co.kr/news/articleView.html?idxno=564723,Naver News,Cbci,TGD,
2026-04-02,2026-04-01,Van Cleef & Arpels,,[기업家] 롯데그룹 ㅣ '바이오부터 유통·화학까지 전방위 확장…신사업...,https://www.cbci.co.kr/news/articleView.html?idxno=564723,Naver News,Cbci,TGD,URL중복
2026-04-02,2026-04-01,Van Cleef & Arpels,,[기업家] 롯데그룹 ㅣ '바이오부터 유통·화학까지 전방위 확장…신사업...,https://www.cbci.co.kr/news/articleView.html?idxno=564723,Naver News,Cbci,TGD,URL중복
2026-04-02,2026-04-01,Van Cleef & Arpels,,"[기업리포트] 서희건설, 오너일가 사내이사 '장악'…경영승계 변수는?",https://www.sejungilbo.com/news/articleView.html?idxno=57813,Naver News,Sejungilbo,TGD,
2026-04-02,2026-04-01,Van Cleef & Arpels,,"[기업리포트] 서희건설, 오너일가 사내이사 '장악'…경영승계 변수는?",https://www.sejungilbo.com/news/articleView.html?idxno=57813,Naver News,Sejungilbo,TGD,URL중복
2026-04-02,2026-04-01,Van Cleef & Arpels,,"[기업리포트] 서희건설, 오너일가 사내이사 '장악'…경영승계 변수는?",https://www.sejungilbo.com/news/articleView.html?idxno=57813,Naver News,Sejungilbo,TGD,URL중복
2026-04-02,2026-04-01,Van Cleef & Arpels,,"[서울 잠실 월드파크 잔디광장] ➿ Van Cleef & Arpels 전시형 팝업 (2026.03.27. ~ 04.12.) ➿ 스프링 이즈 블루밍 (Spring is Blooming) — 봄을 보석으로 만든 느낌. 꽃, 나비 같은 익숙한 형태들이 전부 섬세하게 재해석돼서 화려한데도 부담스럽지 않다. 가볍게 보기 좋고 - instagram.com",https://news.google.com/rss/articles/CBMiUkFVX3lxTE1faEdWdHNtajBCOVRUbmlLZmNjX0lnbnlVMU9MWFRsU2tTcmxJMGkwZ1I4TzN0ZnFMS3dzaXN3QlAyWG03UUlvUjhpTGtOcnl5TXc?oc=5,Instagram @global:Van Cleef & Arpels,Instagram,SNS,
2026-04-02,2026-04-01,Van Cleef & Arpels,,ZYX Technology’s CAD and 3D Solutions: From Automation to Visualisation,https://vmspace.com/eng/news/news_view.html?base_seq=MzgxMA==,Naver News,Vmspace,TGD,
2026-04-02,2026-04-01,Van Cleef & Arpels,,ZYX Technology’s CAD and 3D Solutions: From Automation to Visualisation,https://vmspace.com/eng/news/news_view.html?base_seq=MzgxMA==,Naver News,Vmspace,TGD,URL중복
2026-04-02,2026-04-01,Van Cleef & Arpels,,"‘명품 N차 인상’은 뉴노멀… 반클리프, 두달만에 또 가격 올려",https://www.munhwa.com/article/11578921?ref=naver,Naver News,문화일보,TGD,
2026-04-02,2026-04-01,Van Cleef & Arpels,,"‘명품 N차 인상’은 뉴노멀… 반클리프, 두달만에 또 가격 올려",https://www.munhwa.com/article/11578921?ref=naver,Naver News,문화일보,TGD,URL중복
2026-04-02,2026-04-01,Van Cleef & Arpels,,"‘명품 N차 인상’은 뉴노멀… 반클리프, 두달만에 또 가격 올려",https://www.munhwa.com/article/11578921?ref=naver,Naver News,문화일보,TGD,URL중복
2026-04-02,2026-04-01,Van Cleef & Arpels,,"‘명품 N차 인상’은 뉴노멀… 반클리프, 두달만에 또 가격 올려 - v.daum.net",https://news.google.com/rss/articles/CBMiT0FVX3lxTE4ySlVyTDZqWVdmSi1GMGg4VzNpTlFBcDI1VXg3VElhbGw5MXk5a1NPNzR1b01kaVpsOVJfQ0xjWDU0QkpIRTNvejk0UElnaUk?oc=5,Daum News,News.Google,TGD,
2026-04-02,2026-04-01,Van Cleef & Arpels,,"‘명품 N차 인상’은 뉴노멀… 반클리프, 두달만에 또 가격 올려 - v.daum.net",https://news.google.com/rss/articles/CBMiT0FVX3lxTE4ySlVyTDZqWVdmSi1GMGg4VzNpTlFBcDI1VXg3VElhbGw5MXk5a1NPNzR1b01kaVpsOVJfQ0xjWDU0QkpIRTNvejk0UElnaUk?oc=5,Daum News,News.Google,TGD,URL중복
2026-04-02,2026-04-01,Van Cleef & Arpels,,"‘명품 N차 인상’은 뉴노멀… 반클리프, 두달만에 또 가격 올려 - v.daum.net",https://news.google.com/rss/articles/CBMiT0FVX3lxTE4ySlVyTDZqWVdmSi1GMGg4VzNpTlFBcDI1VXg3VElhbGw5MXk5a1NPNzR1b01kaVpsOVJfQ0xjWDU0QkpIRTNvejk0UElnaUk?oc=5,Daum News,News.Google,TGD,URL중복
2026-04-02,2026-04-01,Van Cleef & Arpels,,"‘명품 N차 인상’은 뉴노멀… 반클리프, 두달만에 또 가격 올려 - 문화일보",https://news.google.com/rss/articles/CBMiUEFVX3lxTFAxOEFWZjJiSm43eHZSWkc5bExGQTE4R3I1ODlZVDd1aXNtNkNTbmw4aUlvSU5TcHBUQkJJUjZOTnFOVHJKUTJNRGlaNUdjNFZY?oc=5,Google News,News.Google,TGD,
2026-04-02,2026-04-01,Van Cleef & Arpels,,"‘명품 N차 인상’은 뉴노멀… 반클리프, 두달만에 또 가격 올려 - 문화일보",https://news.google.com/rss/articles/CBMiUEFVX3lxTFAxOEFWZjJiSm43eHZSWkc5bExGQTE4R3I1ODlZVDd1aXNtNkNTbmw4aUlvSU5TcHBUQkJJUjZOTnFOVHJKUTJNRGlaNUdjNFZY?oc=5,Google News,News.Google,TGD,URL중복
2026-04-02,2026-04-01,Van Cleef & Arpels,,"‘명품 N차 인상’은 뉴노멀… 반클리프, 두달만에 또 가격 올려 - 문화일보",https://news.google.com/rss/articles/CBMiUEFVX3lxTFAxOEFWZjJiSm43eHZSWkc5bExGQTE4R3I1ODlZVDd1aXNtNkNTbmw4aUlvSU5TcHBUQkJJUjZOTnFOVHJKUTJNRGlaNUdjNFZY?oc=5,Google News,News.Google,TGD,URL중복
2026-04-02,2026-04-01,Van Cleef & Arpels,,"‘명품 N차 인상’은 뉴노멀… 반클리프, 두달만에 또 가격 올려 - 문화일보",https://news.google.com/rss/articles/CBMiUEFVX3lxTFAxOEFWZjJiSm43eHZSWkc5bExGQTE4R3I1ODlZVDd1aXNtNkNTbmw4aUlvSU5TcHBUQkJJUjZOTnFOVHJKUTJNRGlaNUdjNFZY?oc=5,Google News,News.Google,TGD,URL중복
2026-04-02,2026-04-01,Van Cleef & Arpels,,"서희건설, 이봉관 일가 사내이사 재선임...주주 '불안'",https://www.newspim.com/news/view/20260331000585,Naver News,Newspicom,TGD,
2026-04-02,2026-04-01,Van Cleef & Arpels,,"서희건설, 이봉관 일가 사내이사 재선임...주주 '불안'",https://www.newspim.com/news/view/20260331000585,Naver News,Newspicom,TGD,URL중복
2026-04-02,2026-04-01,Van Cleef & Arpels,,"서희건설, 이봉관 일가 사내이사 재선임...주주 '불안'",https://www.newspim.com/news/view/20260331000585,Naver News,Newspicom,TGD,URL중복
2026-04-02,2026-04-01,Van Cleef & Arpels,,"억대 보석 ‘하이주얼리’, 전시회 팝업스토어 열며 대중 속으로",https://www.donga.com/news/Economy/article/all/20260331/133647662/2,Naver News,동아일보,TGD,
2026-04-02,2026-04-01,Van Cleef & Arpels,,"억대 보석 ‘하이주얼리’, 전시회 팝업스토어 열며 대중 속으로",https://www.donga.com/news/Economy/article/all/20260331/133647662/2,Naver News,동아일보,TGD,URL중복
2026-04-02,2026-04-01,Van Cleef & Arpels,,"억대 보석 ‘하이주얼리’, 전시회 팝업스토어 열며 대중 속으로",https://www.donga.com/news/Economy/article/all/20260331/133647662/2,Naver News,동아일보,TGD,URL중복
2026-04-02,2026-04-01,Van Cleef & Arpels,,"엄마, 아빠는 '득템 찬스' 아이들은 백화점 피크닉",https://www.mk.co.kr/article/12005095,Naver News,매일경제,TGD,
2026-04-02,2026-04-01,Van Cleef & Arpels,,"엄마, 아빠는 '득템 찬스' 아이들은 백화점 피크닉",https://www.mk.co.kr/article/12005095,Naver News,매일경제,TGD,URL중복
2026-04-02,2026-04-01,Van Cleef & Arpels,,"엄마, 아빠는 '득템 찬스' 아이들은 백화점 피크닉",https://www.mk.co.kr/article/12005095,Naver News,매일경제,TGD,URL중복
2026-04-02,2026-04-01,Van Cleef & Arpels,,"자동화부터 시각화까지, 직스테크놀로지의 설계 기술",https://vmspace.com/news/news_view.html?base_seq=MzgxMA==,Naver News,Vmspace,TGD,
2026-04-02,2026-04-01,Van Cleef & Arpels,,"자동화부터 시각화까지, 직스테크놀로지의 설계 기술",https://vmspace.com/news/news_view.html?base_seq=MzgxMA==,Naver News,Vmspace,TGD,URL중복
2026-04-02,2026-04-01,Van Cleef & Arpels,,"자동화부터 시각화까지, 직스테크놀로지의 설계 기술",https://vmspace.com/news/news_view.html?base_seq=MzgxMA==,Naver News,Vmspace,TGD,URL중복
2026-04-02,,Van Cleef & Arpels,,Van Cleef & Arpels,https://www.klocca.com/brands/van-cleef-arpels/,Klocca,Klocca,O,발행일 확인 필요
2026-04-02,,Van Cleef & Arpels,,새롭게 피어난 반클리프 아펠 럭키 스프링 컬렉션,https://www.dreamsmagazine.co.kr/post/새롭게-피어난-반클리프-아펠-럭키-스프링-컬렉션,Dreams Magazine,Dreams Magazine,MM,발행일 확인 필요
2026-04-01,2026-03-31,Van Cleef & Arpels,,"#제작지원 잠실을 아름답게 물들인 반클리프 아펠(@vancleefarpels)의 ‘스프링 이즈 블루밍’에 다녀왔습니다. 프랑스 아티스트 샬롯 가스토의 시선으로 완성된 정원은, 봄을 향한 찬란한 찬사를 고스란히 담고 있어요. 행사 기간 동안 주말에 열리는 나만의 봄꽃 화관, 정 - instagram.com",https://news.google.com/rss/articles/CBMiVkFVX3lxTE1VN1Q1angyMXpYTGo5cnpzejNXS1FBWG9Od0tLSy1sdXBOM1EtLWlycUQzUXBBSExTMk1WYU1nNWIwZ3V2bXBQSHhiVk1vcm1VRVczZzdB?oc=5,Instagram @global:반클리프,SNS,,
2026-04-01,2026-03-31,Van Cleef & Arpels,,"#협찬 반클리프 아펠 오뜨 퍼퓨머리를 직접 경험할 수 있는 한국 최초의 팝업이 잠실 롯데월드몰에 오픈했어요. ‘꼴렉시옹 엑스트라오디네르’의 신제품부터, 1970–80년대 아이코닉 클래식 향을 현대적으로 재해석한 라인까지 메종의 헤리티지를 한자리에서 만나볼 수 - instagram.com",https://news.google.com/rss/articles/CBMiVkFVX3lxTFBYZlF5TWRaZzB6N3FvZHVXejFXTF9RRkU2VFdMZXROOUh5STBWZGN1NVhKaWExUEhyVWttVTV0M012cjZpNTFZNFF6aGhzekxURzVhUmFn?oc=5,Instagram @global:반클리프,SNS,,
2026-04-01,2026-03-31,Van Cleef & Arpels,,"#협찬 반클리프 아펠 오뜨 퍼퓨머리를 직접 경험할 수 있는 한국 최초의 팝업이 잠실 롯데월드몰에 오픈했어요. ‘꼴렉시옹 엑스트라오디네르’의 신제품부터, 1970–80년대 아이코닉 클래식 향을 현대적으로 재해석한 라인까지 메종의 헤리티지를 한자리에서 만나볼 수 - instagram.com",https://news.google.com/rss/articles/CBMiVkFVX3lxTFBYZlF5TWRaZzB6N3FvZHVXejFXTF9RRkU2VFdMZXROOUh5STBWZGN1NVhKaWExUEhyVWttVTV0M012cjZpNTFZNFF6aGhzekxURzVhUmFn?oc=5,Instagram @global:반클리프,SNS,,
2026-04-01,2026-03-31,Van Cleef & Arpels,,[단독] 작년 적발된 가품 ‘18만점+α’…통관 인력은 300명 불과 [짝퉁...,https://biz.heraldcorp.com/article/10706333?ref=naver,Naver News,TGD,,
2026-04-01,2026-03-31,Van Cleef & Arpels,,[단독] 작년 적발된 가품 ‘18만점+α’…통관 인력은 300명 불과 [짝퉁...,https://biz.heraldcorp.com/article/10706333?ref=naver,Naver News,TGD,URL중복,
2026-04-01,2026-03-31,Van Cleef & Arpels,,[단독] 작년 적발된 가품 ‘18만점+α’…통관 인력은 300명 불과 [짝퉁...,https://biz.heraldcorp.com/article/10706333?ref=naver,Naver News,TGD,URL중복,
2026-04-01,2026-03-31,Van Cleef & Arpels,,소비로 시작해 소비로 끝나는 'K-웨딩'…'수상할 만큼 완벽한 결혼식' 출...,https://www.slist.kr/news/articleView.html?idxno=727966,Naver News,TGD,,
2026-04-01,2026-03-31,Van Cleef & Arpels,,소비로 시작해 소비로 끝나는 'K-웨딩'…'수상할 만큼 완벽한 결혼식' 출...,https://www.slist.kr/news/articleView.html?idxno=727966,Naver News,TGD,URL중복,
2026-04-01,2026-03-31,Van Cleef & Arpels,,소비로 시작해 소비로 끝나는 'K-웨딩'…'수상할 만큼 완벽한 결혼식' 출...,https://www.slist.kr/news/articleView.html?idxno=727966,Naver News,TGD,URL중복,
2026-04-01,2026-03-31,Van Cleef & Arpels,,"억대 보석 ‘하이주얼리’, 전시회·팝업스토어 열며 문턱 낮춘다",https://www.donga.com/news/Economy/article/all/20260331/133644493/1,Naver News,TGD,,
2026-04-01,2026-03-31,Van Cleef & Arpels,,"억대 보석 ‘하이주얼리’, 전시회·팝업스토어 열며 문턱 낮춘다",https://www.donga.com/news/Economy/article/all/20260331/133644493/1,Naver News,TGD,URL중복,
2026-04-01,2026-03-31,Van Cleef & Arpels,,"억대 보석 ‘하이주얼리’, 전시회·팝업스토어 열며 문턱 낮춘다",https://www.donga.com/news/Economy/article/all/20260331/133644493/1,Naver News,TGD,URL중복,
2026-04-01,2026-03-31,Van Cleef & Arpels,,"잠실을 아름답게 물들인 반클리프 아펠(@vancleefarpels)의 ‘스프링 이즈 블루밍’에 다녀왔습니다. 프랑스 아티스트 샬롯 가스토의 시선으로 완성된 정원은, 봄을 향한 찬란한 찬사를 고스란히 담고 있어요. 행사 기간 동안 주말에 열리는 나만의 봄꽃 화관, 정원을 직접 - instagram.com",https://news.google.com/rss/articles/CBMiVkFVX3lxTE1VN1Q1angyMXpYTGo5cnpzejNXS1FBWG9Od0tLSy1sdXBOM1EtLWlycUQzUXBBSExTMk1WYU1nNWIwZ3V2bXBQSHhiVk1vcm1VRVczZzdB?oc=5,Instagram @global:반클리프,SNS,,
2026-04-01,2026-03-31,Van Cleef & Arpels,,"잠실을 아름답게 물들인 반클리프 아펠(@vancleefarpels)의 ‘스프링 이즈 블루밍’에 다녀왔습니다. 프랑스 아티스트 샬롯 가스토의 시선으로 완성된 정원은, 봄을 향한 찬란한 찬사를 고스란히 담고 있어요. 행사 기간 동안 주말에 열리는 나만의 봄꽃 화관, 정원을 직접 - instagram.com",https://news.google.com/rss/articles/CBMiVkFVX3lxTE1VN1Q1angyMXpYTGo5cnpzejNXS1FBWG9Od0tLSy1sdXBOM1EtLWlycUQzUXBBSExTMk1WYU1nNWIwZ3V2bXBQSHhiVk1vcm1VRVczZzdB?oc=5,Instagram @global:반클리프,SNS,,
2026-04-01,2026-03-31,Van Cleef & Arpels,,"잠실을 아름답게 물들인 반클리프 아펠(@vancleefarpels)의 ‘스프링 이즈 블루밍’에 다녀왔습니다. 프랑스 아티스트 샬롯 가스토의 시선으로 완성된 정원은, 봄을 향한 찬란한 찬사를 고스란히 담고 있어요. 행사 기간 동안 주말에 열리는 나만의 봄꽃 화관, 정원을 직접 - instagram.com",https://news.google.com/rss/articles/CBMiVkFVX3lxTE1VN1Q1angyMXpYTGo5cnpzejNXS1FBWG9Od0tLSy1sdXBOM1EtLWlycUQzUXBBSExTMk1WYU1nNWIwZ3V2bXBQSHhiVk1vcm1VRVczZzdB?oc=5,Instagram @global:반클리프,SNS,,
2026-04-01,2026-03-31,Van Cleef & Arpels,,젊은 세대는 왜 빈티지 주얼리에 열광할까?,https://www.vogue.co.kr/2026/03/31/%ec%a0%8a%ec%9d%80-%ec%84%b8%eb%8c%80%eb%8a%94-%ec%99%9c-%eb%b9%88%ed%8b%b0%ec%a7%80-%ec%a3%bc%ec%96%bc%eb%a6%ac%ec%97%90-%ec%97%b4%ea%b4%91%ed%95%a0%ea%b9%8c/?utm_source=naver&utm_medium=partnership,Naver News,TGD,,
2026-04-01,2026-03-31,Van Cleef & Arpels,,젊은 세대는 왜 빈티지 주얼리에 열광할까?,https://www.vogue.co.kr/2026/03/31/%ec%a0%8a%ec%9d%80-%ec%84%b8%eb%8c%80%eb%8a%94-%ec%99%9c-%eb%b9%88%ed%8b%b0%ec%a7%80-%ec%a3%bc%ec%96%bc%eb%a6%ac%ec%97%90-%ec%97%b4%ea%b4%91%ed%95%a0%ea%b9%8c/?utm_source=naver&utm_medium=partnership,Naver News,TGD,URL중복,
2026-04-01,2026-03-31,Van Cleef & Arpels,,젊은 세대는 왜 빈티지 주얼리에 열광할까?,https://www.vogue.co.kr/2026/03/31/%ec%a0%8a%ec%9d%80-%ec%84%b8%eb%8c%80%eb%8a%94-%ec%99%9c-%eb%b9%88%ed%8b%b0%ec%a7%80-%ec%a3%bc%ec%96%bc%eb%a6%ac%ec%97%90-%ec%97%b4%ea%b4%91%ed%95%a0%ea%b9%8c/?utm_source=naver&utm_medium=partnership,Naver News,TGD,URL중복,
2026-04-01,2026-03-31,Van Cleef & Arpels,,주식으로 700억 번 '김건희 목걸이' 서희건설이 찍은 주식은?,https://realty.chosun.com/site/data/html_dir/2026/03/30/2026033003485.html,Naver News,TGD,,
2026-04-01,2026-03-31,Van Cleef & Arpels,,주식으로 700억 번 '김건희 목걸이' 서희건설이 찍은 주식은?,https://realty.chosun.com/site/data/html_dir/2026/03/30/2026033003485.html,Naver News,TGD,URL중복,
2026-04-01,2026-03-31,Van Cleef & Arpels,,주식으로 700억 번 '김건희 목걸이' 서희건설이 찍은 주식은?,https://realty.chosun.com/site/data/html_dir/2026/03/30/2026033003485.html,Naver News,TGD,URL중복,
2026-04-01,2026-03-31,Van Cleef & Arpels,,"퍼스널 컬러로 찾는 워치와 주얼리, 피부톤에 어울리는 컬러스톤 가이드",https://www.marieclairekorea.com/fashion/2026/03/personalcolor-watch-jewelry/?utm_source=naver&utm_medium=partnership,Naver News,TGD,,
2026-04-01,2026-03-31,Van Cleef & Arpels,,"퍼스널 컬러로 찾는 워치와 주얼리, 피부톤에 어울리는 컬러스톤 가이드",https://www.marieclairekorea.com/fashion/2026/03/personalcolor-watch-jewelry/?utm_source=naver&utm_medium=partnership,Naver News,TGD,URL중복,
2026-04-01,2026-03-31,Van Cleef & Arpels,,호텔 프러포즈부터 '추가금 지옥'까지…소비경쟁시대의 'K-웨딩',https://www.yna.co.kr/view/AKR20260330143900005?input=1195m,Naver News,TGD,,
2026-04-01,2026-03-31,Van Cleef & Arpels,,호텔 프러포즈부터 '추가금 지옥'까지…소비경쟁시대의 'K-웨딩',https://www.yna.co.kr/view/AKR20260330143900005?input=1195m,Naver News,TGD,URL중복,
2026-04-01,2026-03-31,Van Cleef & Arpels,,호텔 프러포즈부터 '추가금 지옥'까지…소비경쟁시대의 'K-웨딩',https://www.yna.co.kr/view/AKR20260330143900005?input=1195m,Naver News,TGD,URL중복,
2026-04-01,2026-03-30,Van Cleef & Arpels,,"&quot;인플루언서 발굴&quot;… 롯데백화점, '앰배서더 1기' 모집",http://woman.chosun.com/news/articleView.html?idxno=125388,Naver News,TGD,,
2026-04-01,2026-03-30,Van Cleef & Arpels,,"&quot;인플루언서 발굴&quot;… 롯데백화점, '앰배서더 1기' 모집",http://woman.chosun.com/news/articleView.html?idxno=125388,Naver News,TGD,URL중복,
2026-04-01,2026-03-30,Van Cleef & Arpels,,"&quot;인플루언서 발굴&quot;… 롯데백화점, '앰배서더 1기' 모집",http://woman.chosun.com/news/articleView.html?idxno=125388,Naver News,TGD,URL중복,
2026-04-01,2026-03-30,Van Cleef & Arpels,,[Style] Just One More Piece…작고 반짝이는 특별한 데일리템,http://mbn.mk.co.kr/pages/news/newsView.php?category=mbn00013&news_seq_no=5184969,Naver News,TGD,,
2026-04-01,2026-03-30,Van Cleef & Arpels,,[Style] Just One More Piece…작고 반짝이는 특별한 데일리템,http://mbn.mk.co.kr/pages/news/newsView.php?category=mbn00013&news_seq_no=5184969,Naver News,TGD,URL중복,
2026-04-01,2026-03-30,Van Cleef & Arpels,,[Style] Just One More Piece…작고 반짝이는 특별한 데일리템,http://mbn.mk.co.kr/pages/news/newsView.php?category=mbn00013&news_seq_no=5184969,Naver News,TGD,URL중복,
2026-04-01,2026-03-30,Van Cleef & Arpels,,"[현장스케치] 봄이 피어나는 순간을 반클리프 아펠과 함께, '스프링 이즈...",https://www.handmk.com/news/articleView.html?idxno=36786,Naver News,TGD,,
2026-04-01,2026-03-30,Van Cleef & Arpels,,"[현장스케치] 봄이 피어나는 순간을 반클리프 아펠과 함께, '스프링 이즈...",https://www.handmk.com/news/articleView.html?idxno=36786,Naver News,TGD,URL중복,
2026-04-01,2026-03-30,Van Cleef & Arpels,,"[현장스케치] 봄이 피어나는 순간을 반클리프 아펠과 함께, '스프링 이즈...",https://www.handmk.com/news/articleView.html?idxno=36786,Naver News,TGD,URL중복,
2026-04-01,2026-03-30,Van Cleef & Arpels,,"[현장스케치] 봄이 피어나는 순간을 반클리프 아펠과 함께, '스프링 이즈...",https://www.handmk.com/news/articleView.html?idxno=36786,Naver News,TGD,URL중복,
2026-04-01,2026-03-30,Van Cleef & Arpels,,"[현장스케치] 봄이 피어나는 순간을 반클리프 아펠과 함께, '스프링 이즈...",https://www.handmk.com/news/articleView.html?idxno=36786,Naver News,TGD,URL중복,
2026-04-01,2026-03-30,Van Cleef & Arpels,,"[현장스케치] 봄이 피어나는 순간을 반클리프 아펠과 함께, ‘스프링 이즈 블루밍(Spring is Blooming)’ - handmk.com",https://news.google.com/rss/articles/CBMiZ0FVX3lxTE9jbER6LVhWYWpYb3FmcUdFaV9mX09OaTFTaTcxTnItN2ZEcEVyYjN5SjRWbkk1T3JvUFpncnIwRkVBU012RnRhZU1ELWVkYkFCQ1NubWc2ZTJFS3poa0FmTFJzQmRvdlk?oc=5,Google News,TGD,,
2026-04-01,2026-03-30,Van Cleef & Arpels,,"[현장스케치] 봄이 피어나는 순간을 반클리프 아펠과 함께, ‘스프링 이즈 블루밍(Spring is Blooming)’ - handmk.com",https://news.google.com/rss/articles/CBMiZ0FVX3lxTE9jbER6LVhWYWpYb3FmcUdFaV9mX09OaTFTaTcxTnItN2ZEcEVyYjN5SjRWbkk1T3JvUFpncnIwRkVBU012RnRhZU1ELWVkYkFCQ1NubWc2ZTJFS3poa0FmTFJzQmRvdlk?oc=5,Google News,TGD,URL중복,
2026-04-01,2026-03-30,Van Cleef & Arpels,,"[현장스케치] 봄이 피어나는 순간을 반클리프 아펠과 함께, ‘스프링 이즈 블루밍(Spring is Blooming)’ - handmk.com",https://news.google.com/rss/articles/CBMiZ0FVX3lxTE9jbER6LVhWYWpYb3FmcUdFaV9mX09OaTFTaTcxTnItN2ZEcEVyYjN5SjRWbkk1T3JvUFpncnIwRkVBU012RnRhZU1ELWVkYkFCQ1NubWc2ZTJFS3poa0FmTFJzQmRvdlk?oc=5,Google News,TGD,URL중복,
2026-04-01,2026-03-30,Van Cleef & Arpels,,"[현장스케치] 봄이 피어나는 순간을 반클리프 아펠과 함께, ‘스프링 이즈 블루밍(Spring is Blooming)’ - handmk.com",https://news.google.com/rss/articles/CBMiZ0FVX3lxTE9jbER6LVhWYWpYb3FmcUdFaV9mX09OaTFTaTcxTnItN2ZEcEVyYjN5SjRWbkk1T3JvUFpncnIwRkVBU012RnRhZU1ELWVkYkFCQ1NubWc2ZTJFS3poa0FmTFJzQmRvdlk?oc=5,Google News,TGD,URL중복,
2026-04-01,2026-03-30,Van Cleef & Arpels,,"[현장스케치] 봄이 피어나는 순간을 반클리프 아펠과 함께, ‘스프링 이즈 블루밍(Spring is Blooming)’ - handmk.com",https://news.google.com/rss/articles/CBMiZ0FVX3lxTE9jbER6LVhWYWpYb3FmcUdFaV9mX09OaTFTaTcxTnItN2ZEcEVyYjN5SjRWbkk1T3JvUFpncnIwRkVBU012RnRhZU1ELWVkYkFCQ1NubWc2ZTJFS3poa0FmTFJzQmRvdlk?oc=5,Google News,TGD,URL중복,
2026-04-01,2026-03-30,Van Cleef & Arpels,,"[현장스케치] 봄이 피어나는 순간을 반클리프 아펠과 함께, ‘스프링 이즈 블루밍(Spring is Blooming)’ - handmk.com",https://news.google.com/rss/articles/CBMiZ0FVX3lxTE9jbER6LVhWYWpYb3FmcUdFaV9mX09OaTFTaTcxTnItN2ZEcEVyYjN5SjRWbkk1T3JvUFpncnIwRkVBU012RnRhZU1ELWVkYkFCQ1NubWc2ZTJFS3poa0FmTFJzQmRvdlk?oc=5,Google News,TGD,URL중복,
2026-04-01,2026-03-30,Van Cleef & Arpels,,"[현장스케치] 봄이 피어나는 순간을 반클리프 아펠과 함께, ‘스프링 이즈 블루밍(Spring is Blooming)’ - handmk.com",https://news.google.com/rss/articles/CBMiZ0FVX3lxTE9jbER6LVhWYWpYb3FmcUdFaV9mX09OaTFTaTcxTnItN2ZEcEVyYjN5SjRWbkk1T3JvUFpncnIwRkVBU012RnRhZU1ELWVkYkFCQ1NubWc2ZTJFS3poa0FmTFJzQmRvdlk?oc=5,Google News,TGD,URL중복,
2026-04-01,2026-03-30,Van Cleef & Arpels,,"[현장스케치] 봄이 피어나는 순간을 반클리프 아펠과 함께, ‘스프링 이즈 블루밍(Spring is Blooming)’ - handmk.com",https://news.google.com/rss/articles/CBMiZ0FVX3lxTE9jbER6LVhWYWpYb3FmcUdFaV9mX09OaTFTaTcxTnItN2ZEcEVyYjN5SjRWbkk1T3JvUFpncnIwRkVBU012RnRhZU1ELWVkYkFCQ1NubWc2ZTJFS3poa0FmTFJzQmRvdlk?oc=5,Google News,TGD,URL중복,
2026-04-01,2026-03-30,Van Cleef & Arpels,,"[현장스케치] 봄이 피어나는 순간을 반클리프 아펠과 함께, ‘스프링 이즈 블루밍(Spring is Blooming)’ - handmk.com",https://news.google.com/rss/articles/CBMiZ0FVX3lxTE9jbER6LVhWYWpYb3FmcUdFaV9mX09OaTFTaTcxTnItN2ZEcEVyYjN5SjRWbkk1T3JvUFpncnIwRkVBU012RnRhZU1ELWVkYkFCQ1NubWc2ZTJFS3poa0FmTFJzQmRvdlk?oc=5,Google News,TGD,URL중복,
2026-04-01,2026-03-30,Van Cleef & Arpels,,"[현장스케치] 봄이 피어나는 순간을 반클리프 아펠과 함께, ‘스프링 이즈 블루밍(Spring is Blooming)’ - handmk.com",https://news.google.com/rss/articles/CBMiZ0FVX3lxTE9jbER6LVhWYWpYb3FmcUdFaV9mX09OaTFTaTcxTnItN2ZEcEVyYjN5SjRWbkk1T3JvUFpncnIwRkVBU012RnRhZU1ELWVkYkFCQ1NubWc2ZTJFS3poa0FmTFJzQmRvdlk?oc=5,Google News,TGD,URL중복,
2026-04-01,2026-03-30,Van Cleef & Arpels,,"올봄, 생기를 더해줄 네크리스 열전 [더 하이엔드]",https://www.joongang.co.kr/article/25415854,Naver News,TGD,,
2026-04-01,2026-03-30,Van Cleef & Arpels,,"올봄, 생기를 더해줄 네크리스 열전 [더 하이엔드]",https://www.joongang.co.kr/article/25415854,Naver News,TGD,URL중복,
2026-04-01,2026-03-30,Van Cleef & Arpels,,"올봄, 생기를 더해줄 네크리스 열전 [더 하이엔드]",https://www.joongang.co.kr/article/25415854,Naver News,TGD,URL중복,
2026-04-01,2026-03-30,Van Cleef & Arpels,,"올봄, 생기를 더해줄 네크리스 열전 [더 하이엔드]",https://www.joongang.co.kr/article/25415854,Naver News,TGD,URL중복,
2026-04-01,2026-03-30,Van Cleef & Arpels,,"올봄, 생기를 더해줄 네크리스 열전 [더 하이엔드]",https://www.joongang.co.kr/article/25415854,Naver News,TGD,URL중복,
2026-04-01,2026-03-29,Van Cleef & Arpels,,&quot;에르메스보다 잘 팔린다&quot;…'짝퉁의 나라' 중국의 '반전',https://www.hankyung.com/article/2026032940951,Naver News,TGD,,
2026-04-01,2026-03-29,Van Cleef & Arpels,,&quot;에르메스보다 잘 팔린다&quot;…'짝퉁의 나라' 중국의 '반전',https://www.hankyung.com/article/2026032940951,Naver News,TGD,URL중복,
2026-04-01,2026-03-29,Van Cleef & Arpels,,&quot;에르메스보다 잘 팔린다&quot;…'짝퉁의 나라' 중국의 '반전',https://www.hankyung.com/article/2026032940951,Naver News,TGD,URL중복,
2026-04-01,2026-03-29,Van Cleef & Arpels,,&quot;에르메스보다 잘 팔린다&quot;…'짝퉁의 나라' 중국의 '반전',https://www.hankyung.com/article/2026032940951,Naver News,TGD,,
2026-04-01,2026-03-29,Van Cleef & Arpels,,&quot;에르메스보다 잘 팔린다&quot;…'짝퉁의 나라' 중국의 '반전',https://www.hankyung.com/article/2026032940951,Naver News,TGD,URL중복,
2026-04-01,2026-03-29,Van Cleef & Arpels,,&quot;에르메스보다 잘 팔린다&quot;…'짝퉁의 나라' 중국의 '반전',https://www.hankyung.com/article/2026032940951,Naver News,TGD,URL중복,
2026-04-01,2026-03-29,Van Cleef & Arpels,,"[현장스케치] 봄이 피어나는 순간을 반클리프 아펠과 함께, ‘스프링 이즈 블루밍(Spring is Blooming)’",http://www.bing.com/news/apiclick.aspx?ref=FexRss&aid=&tid=69cca6441d4846bfa69f93629c2ec0c5&url=https%3a%2f%2fwww.handmk.com%2fnews%2farticleView.html%3fidxno%3d36786&c=17782778175861144275&mkt=ko-kr,Bing News,TGD,,
2026-04-01,2026-03-29,Van Cleef & Arpels,,"[현장스케치] 봄이 피어나는 순간을 반클리프 아펠과 함께, ‘스프링 이즈 블루밍(Spring is Blooming)’",http://www.bing.com/news/apiclick.aspx?ref=FexRss&aid=&tid=69cca64500e14ca78d4cd78fd0868cef&url=https%3a%2f%2fwww.handmk.com%2fnews%2farticleView.html%3fidxno%3d36786&c=17782778175861144275&mkt=ko-kr,Bing News,TGD,,
2026-04-01,2026-03-29,Van Cleef & Arpels,,"[현장스케치] 봄이 피어나는 순간을 반클리프 아펠과 함께, ‘스프링 이즈 블루밍(Spring is Blooming)’",http://www.bing.com/news/apiclick.aspx?ref=FexRss&aid=&tid=69cca646ab584c3fb99cc0a4777fa70e&url=https%3a%2f%2fwww.handmk.com%2fnews%2farticleView.html%3fidxno%3d36786&c=17782778175861144275&mkt=ko-kr,Bing News,TGD,,
2026-04-01,2026-03-29,Van Cleef & Arpels,,"[현장스케치] 봄이 피어나는 순간을 반클리프 아펠과 함께, ‘스프링 이즈 블루밍(Spring is Blooming)’",http://www.bing.com/news/apiclick.aspx?ref=FexRss&aid=&tid=69cca64817fb41e6ad9f78248f46697e&url=https%3a%2f%2fwww.handmk.com%2fnews%2farticleView.html%3fidxno%3d36786&c=17782778175861144275&mkt=ko-kr,Bing News,TGD,,
2026-04-01,2026-03-29,Van Cleef & Arpels,,"[현장스케치] 봄이 피어나는 순간을 반클리프 아펠과 함께, ‘스프링 이즈 블루밍(Spring is Blooming)’",http://www.bing.com/news/apiclick.aspx?ref=FexRss&aid=&tid=69ccf14ea477420fbfa4028031a645b7&url=https%3a%2f%2fwww.handmk.com%2fnews%2farticleView.html%3fidxno%3d36786&c=17782778175861144275&mkt=ko-kr,Bing News,TGD,,
2026-04-01,2026-03-29,Van Cleef & Arpels,,"[현장스케치] 봄이 피어나는 순간을 반클리프 아펠과 함께, ‘스프링 이즈 블루밍(Spring is Blooming)’",http://www.bing.com/news/apiclick.aspx?ref=FexRss&aid=&tid=69ccf14f3ab14f5bbe4da4a8a1a5c97d&url=https%3a%2f%2fwww.handmk.com%2fnews%2farticleView.html%3fidxno%3d36786&c=17782778175861144275&mkt=ko-kr,Bing News,TGD,,
2026-04-01,2026-03-29,Van Cleef & Arpels,,"[현장스케치] 봄이 피어나는 순간을 반클리프 아펠과 함께, ‘스프링 이즈 블루밍(Spring is Blooming)’",http://www.bing.com/news/apiclick.aspx?ref=FexRss&aid=&tid=69ccf15011c442298b5d3422592604e5&url=https%3a%2f%2fwww.handmk.com%2fnews%2farticleView.html%3fidxno%3d36786&c=17782778175861144275&mkt=ko-kr,Bing News,TGD,,
2026-04-01,2026-03-29,Van Cleef & Arpels,,"[현장스케치] 봄이 피어나는 순간을 반클리프 아펠과 함께, ‘스프링 이즈 블루밍(Spring is Blooming)’",http://www.bing.com/news/apiclick.aspx?ref=FexRss&aid=&tid=69ccf150571f481291e268db40db5ac0&url=https%3a%2f%2fwww.handmk.com%2fnews%2farticleView.html%3fidxno%3d36786&c=17782778175861144275&mkt=ko-kr,Bing News,TGD,,
2026-04-01,2026-03-29,Van Cleef & Arpels,,김건희에 귀금속 준 이봉관 회장 왜 자수했나 &quot;이러다 죽을 것 같았다&quot;,https://www.mediatoday.co.kr/news/articleView.html?idxno=333400,Naver News,TGD,,
2026-04-01,2026-03-29,Van Cleef & Arpels,,김건희에 귀금속 준 이봉관 회장 왜 자수했나 &quot;이러다 죽을 것 같았다&quot;,https://www.mediatoday.co.kr/news/articleView.html?idxno=333400,Naver News,TGD,URL중복,
2026-04-01,2026-03-29,Van Cleef & Arpels,,김건희에 귀금속 준 이봉관 회장 왜 자수했나 &quot;이러다 죽을 것 같았다&quot;,https://www.mediatoday.co.kr/news/articleView.html?idxno=333400,Naver News,TGD,URL중복,
2026-04-01,2026-03-29,Van Cleef & Arpels,,김건희에 귀금속 준 이봉관 회장 왜 자수했나 &quot;이러다 죽을 것 같았다&quot;,https://www.mediatoday.co.kr/news/articleView.html?idxno=333400,Naver News,TGD,,
2026-04-01,2026-03-29,Van Cleef & Arpels,,김건희에 귀금속 준 이봉관 회장 왜 자수했나 &quot;이러다 죽을 것 같았다&quot;,https://www.mediatoday.co.kr/news/articleView.html?idxno=333400,Naver News,TGD,URL중복,
2026-04-01,2026-03-29,Van Cleef & Arpels,,김건희에 귀금속 준 이봉관 회장 왜 자수했나 &quot;이러다 죽을 것 같았다&quot;,https://www.mediatoday.co.kr/news/articleView.html?idxno=333400,Naver News,TGD,URL중복,
2026-04-01,2026-03-28,Van Cleef & Arpels,,3/28~3/29 이마트·홈플러스·롯데마트 대형마트 휴무일·영업시간... 대...,http://www.finomy.com/news/articleView.html?idxno=252234,Naver News,TGD,,
2026-04-01,2026-03-28,Van Cleef & Arpels,,3/28~3/29 이마트·홈플러스·롯데마트 대형마트 휴무일·영업시간... 대...,http://www.finomy.com/news/articleView.html?idxno=252234,Naver News,TGD,URL중복,
2026-04-01,2026-03-28,Van Cleef & Arpels,,3/28~3/29 이마트·홈플러스·롯데마트 대형마트 휴무일·영업시간... 대...,http://www.finomy.com/news/articleView.html?idxno=252234,Naver News,TGD,URL중복,
2026-04-01,2026-03-28,Van Cleef & Arpels,,3/28~3/29 이마트·홈플러스·롯데마트 대형마트 휴무일·영업시간... 대...,http://www.finomy.com/news/articleView.html?idxno=252234,Naver News,TGD,,
2026-04-01,2026-03-28,Van Cleef & Arpels,,3/28~3/29 이마트·홈플러스·롯데마트 대형마트 휴무일·영업시간... 대...,http://www.finomy.com/news/articleView.html?idxno=252234,Naver News,TGD,URL중복,
2026-04-01,2026-03-28,Van Cleef & Arpels,,3/28~3/29 이마트·홈플러스·롯데마트 대형마트 휴무일·영업시간... 대...,http://www.finomy.com/news/articleView.html?idxno=252234,Naver News,TGD,URL중복,
2026-04-01,2026-03-28,Van Cleef & Arpels,,"반클리프 아펠, 오뜨 퍼퓨머 국내 첫 팝업 개최 - MSN",https://news.google.com/rss/articles/CBMivwJBVV95cUxOeUVXQ2VZSC1lN0wyLUozSXdNRExXcktZVzROXzFUOUY3UWFyRUhWQzU4WlpZR1VGdmxYMXpWbkQya0ZkSkRLemUtQk9VUllUalZWS2lEZm9pSnBIZ1ItTkxwNVQ0N1RCdGpxRkJDTHVMY2VYdW16X2E5MFdWLVlpRFhBQTgxa3JVN1VyZi1kVmdhbTRkcUxqdFpKTnl3MnZnSGpLZXptby1SekhYMGpheXVqeHJEZk90aUN4YktrR2tERGlPYzAyODEzT0JlMjZCbnRQbHdocXB6ZzNNdk14WWhPTlNDdU1IaGd2WDJ2VVFaaUZpNEJZTGFobTVHMGtlWUdJZ181LVhHYV9WVkRXalQteDhIQTJNSHdPUEdmdndmcmRHcjczUW9LQWdlY05neXlSRzlhRWFVMmlhOW9r?oc=5,Google News,TGD,,
2026-04-01,2026-03-28,Van Cleef & Arpels,,"반클리프 아펠, 오뜨 퍼퓨머 국내 첫 팝업 개최 - MSN",https://news.google.com/rss/articles/CBMivwJBVV95cUxOeUVXQ2VZSC1lN0wyLUozSXdNRExXcktZVzROXzFUOUY3UWFyRUhWQzU4WlpZR1VGdmxYMXpWbkQya0ZkSkRLemUtQk9VUllUalZWS2lEZm9pSnBIZ1ItTkxwNVQ0N1RCdGpxRkJDTHVMY2VYdW16X2E5MFdWLVlpRFhBQTgxa3JVN1VyZi1kVmdhbTRkcUxqdFpKTnl3MnZnSGpLZXptby1SekhYMGpheXVqeHJEZk90aUN4YktrR2tERGlPYzAyODEzT0JlMjZCbnRQbHdocXB6ZzNNdk14WWhPTlNDdU1IaGd2WDJ2VVFaaUZpNEJZTGFobTVHMGtlWUdJZ181LVhHYV9WVkRXalQteDhIQTJNSHdPUEdmdndmcmRHcjczUW9LQWdlY05neXlSRzlhRWFVMmlhOW9r?oc=5,Google News,TGD,URL중복,
2026-04-01,2026-03-28,Van Cleef & Arpels,,"백화점3사, 전면전 돌입…'자존심 싸움' 확산",http://www.wowtv.co.kr/NewsCenter/News/Read?articleId=A202603270448&t=NN,Naver News,TGD,,
2026-04-01,2026-03-28,Van Cleef & Arpels,,"백화점3사, 전면전 돌입…'자존심 싸움' 확산",http://www.wowtv.co.kr/NewsCenter/News/Read?articleId=A202603270448&t=NN,Naver News,TGD,URL중복,
2026-04-01,2026-03-28,Van Cleef & Arpels,,"백화점3사, 전면전 돌입…'자존심 싸움' 확산",http://www.wowtv.co.kr/NewsCenter/News/Read?articleId=A202603270448&t=NN,Naver News,TGD,URL중복,
2026-04-01,2026-03-28,Van Cleef & Arpels,,"백화점3사, 전면전 돌입…'자존심 싸움' 확산",http://www.wowtv.co.kr/NewsCenter/News/Read?articleId=A202603270448&t=NN,Naver News,TGD,,
2026-04-01,2026-03-28,Van Cleef & Arpels,,"백화점3사, 전면전 돌입…'자존심 싸움' 확산",http://www.wowtv.co.kr/NewsCenter/News/Read?articleId=A202603270448&t=NN,Naver News,TGD,URL중복,
2026-04-01,2026-03-28,Van Cleef & Arpels,,"백화점3사, 전면전 돌입…'자존심 싸움' 확산",http://www.wowtv.co.kr/NewsCenter/News/Read?articleId=A202603270448&t=NN,Naver News,TGD,URL중복,
2026-04-01,2026-03-27,Van Cleef & Arpels,,"&quot;도심에서 즐기는 봄나들이&quot;…롯데물산, '2026 스프링 인 잠실' 전개",http://www.bizwnews.com/news/articleView.html?idxno=130897,Naver News,TGD,,
2026-04-01,2026-03-27,Van Cleef & Arpels,,"&quot;도심에서 즐기는 봄나들이&quot;…롯데물산, '2026 스프링 인 잠실' 전개",http://www.bizwnews.com/news/articleView.html?idxno=130897,Naver News,TGD,URL중복,
2026-04-01,2026-03-27,Van Cleef & Arpels,,"&quot;도심에서 즐기는 봄나들이&quot;…롯데물산, '2026 스프링 인 잠실' 전개",http://www.bizwnews.com/news/articleView.html?idxno=130897,Naver News,TGD,URL중복,
2026-04-01,2026-03-27,Van Cleef & Arpels,,"&quot;도심에서 즐기는 봄나들이&quot;…롯데물산, '2026 스프링 인 잠실' 전개",http://www.bizwnews.com/news/articleView.html?idxno=130897,Naver News,TGD,URL중복,
2026-04-01,2026-03-27,Van Cleef & Arpels,,"&quot;도심에서 즐기는 봄나들이&quot;…롯데물산, '2026 스프링 인 잠실' 전개",http://www.bizwnews.com/news/articleView.html?idxno=130897,Naver News,TGD,URL중복,
2026-04-01,2026-03-27,Van Cleef & Arpels,,"&quot;도심에서 즐기는 봄나들이&quot;…롯데물산, '2026 스프링 인 잠실' 전개",http://www.bizwnews.com/news/articleView.html?idxno=130897,Naver News,TGD,,
2026-04-01,2026-03-27,Van Cleef & Arpels,,"&quot;도심에서 즐기는 봄나들이&quot;…롯데물산, '2026 스프링 인 잠실' 전개",http://www.bizwnews.com/news/articleView.html?idxno=130897,Naver News,TGD,URL중복,
2026-04-01,2026-03-27,Van Cleef & Arpels,,"&quot;도심에서 즐기는 봄나들이&quot;…롯데물산, '2026 스프링 인 잠실' 전개",http://www.bizwnews.com/news/articleView.html?idxno=130897,Naver News,TGD,URL중복,
2026-04-01,2026-03-27,Van Cleef & Arpels,,"&quot;도심에서 즐기는 봄나들이&quot;…롯데물산, '2026 스프링 인 잠실' 전개",http://www.bizwnews.com/news/articleView.html?idxno=130897,Naver News,TGD,URL중복,
2026-04-01,2026-03-27,Van Cleef & Arpels,,"&quot;도심에서 즐기는 봄나들이&quot;…롯데물산, '2026 스프링 인 잠실' 전개",http://www.bizwnews.com/news/articleView.html?idxno=130897,Naver News,TGD,URL중복,
2026-04-01,2026-03-27,Van Cleef & Arpels,,"&quot;로봇개 시연회에 김용현 참석, 이례적&quot;…김건희 재판서 법정 증언",https://www.news1.kr/society/court-prosecution/6116868,Naver News,TGD,,
2026-04-01,2026-03-27,Van Cleef & Arpels,,"&quot;로봇개 시연회에 김용현 참석, 이례적&quot;…김건희 재판서 법정 증언",https://www.news1.kr/society/court-prosecution/6116868,Naver News,TGD,URL중복,
2026-04-01,2026-03-27,Van Cleef & Arpels,,"&quot;로봇개 시연회에 김용현 참석, 이례적&quot;…김건희 재판서 법정 증언",https://www.news1.kr/society/court-prosecution/6116868,Naver News,TGD,URL중복,
2026-04-01,2026-03-27,Van Cleef & Arpels,,"&quot;로봇개 시연회에 김용현 참석, 이례적&quot;…김건희 재판서 법정 증언",https://www.news1.kr/society/court-prosecution/6116868,Naver News,TGD,,
2026-04-01,2026-03-27,Van Cleef & Arpels,,"&quot;로봇개 시연회에 김용현 참석, 이례적&quot;…김건희 재판서 법정 증언",https://www.news1.kr/society/court-prosecution/6116868,Naver News,TGD,URL중복,
2026-04-01,2026-03-27,Van Cleef & Arpels,,"&quot;로봇개 시연회에 김용현 참석, 이례적&quot;…김건희 재판서 법정 증언",https://www.news1.kr/society/court-prosecution/6116868,Naver News,TGD,URL중복,
2026-04-01,2026-03-27,Van Cleef & Arpels,,[News Today] “Gift to Kim was a type of insurance”,https://news.kbs.co.kr/news/pc/view/view.do?ncd=8520309&ref=A,Naver News,TGD,,
2026-04-01,2026-03-27,Van Cleef & Arpels,,[News Today] “Gift to Kim was a type of insurance”,https://news.kbs.co.kr/news/pc/view/view.do?ncd=8520309&ref=A,Naver News,TGD,URL중복,
2026-04-01,2026-03-27,Van Cleef & Arpels,,[News Today] “Gift to Kim was a type of insurance”,https://news.kbs.co.kr/news/pc/view/view.do?ncd=8520309&ref=A,Naver News,TGD,,
2026-04-01,2026-03-27,Van Cleef & Arpels,,[News Today] “Gift to Kim was a type of insurance”,https://news.kbs.co.kr/news/pc/view/view.do?ncd=8520309&ref=A,Naver News,TGD,URL중복,
2026-04-01,2026-03-27,Van Cleef & Arpels,,[뉴공 아카이브]퍼니포: 국민의힘 397억 반환 위기… 尹 ‘허위사실 공...,http://www.ddanzi.com/877237897,Naver News,TGD,,
2026-04-01,2026-03-27,Van Cleef & Arpels,,[뉴공 아카이브]퍼니포: 국민의힘 397억 반환 위기… 尹 ‘허위사실 공...,http://www.ddanzi.com/877237897,Naver News,TGD,URL중복,
2026-04-01,2026-03-27,Van Cleef & Arpels,,[뉴공 아카이브]퍼니포: 국민의힘 397억 반환 위기… 尹 ‘허위사실 공...,http://www.ddanzi.com/877237897,Naver News,TGD,,
2026-04-01,2026-03-27,Van Cleef & Arpels,,[뉴공 아카이브]퍼니포: 국민의힘 397억 반환 위기… 尹 ‘허위사실 공...,http://www.ddanzi.com/877237897,Naver News,TGD,URL중복,
2026-04-01,2026-03-27,Van Cleef & Arpels,,[손병관의 뉴스프레소] 승산 없어도 '경기지사 유승민' 띄우는 이정현의...,https://www.ohmynews.com/NWS_Web/View/at_pg.aspx?CNTN_CD=A0003218722&CMPT_CD=P0010&utm_source=naver&utm_medium=newsearch&utm_campaign=naver_news,Naver News,TGD,,
2026-04-01,2026-03-27,Van Cleef & Arpels,,[손병관의 뉴스프레소] 승산 없어도 '경기지사 유승민' 띄우는 이정현의...,https://www.ohmynews.com/NWS_Web/View/at_pg.aspx?CNTN_CD=A0003218722&CMPT_CD=P0010&utm_source=naver&utm_medium=newsearch&utm_campaign=naver_news,Naver News,TGD,URL중복,
2026-04-01,2026-03-27,Van Cleef & Arpels,,[손병관의 뉴스프레소] 승산 없어도 '경기지사 유승민' 띄우는 이정현의...,https://www.ohmynews.com/NWS_Web/View/at_pg.aspx?CNTN_CD=A0003218722&CMPT_CD=P0010&utm_source=naver&utm_medium=newsearch&utm_campaign=naver_news,Naver News,TGD,URL중복,
2026-04-01,2026-03-27,Van Cleef & Arpels,,[손병관의 뉴스프레소] 승산 없어도 '경기지사 유승민' 띄우는 이정현의...,https://www.ohmynews.com/NWS_Web/View/at_pg.aspx?CNTN_CD=A0003218722&CMPT_CD=P0010&utm_source=naver&utm_medium=newsearch&utm_campaign=naver_news,Naver News,TGD,,
2026-04-01,2026-03-27,Van Cleef & Arpels,,[손병관의 뉴스프레소] 승산 없어도 '경기지사 유승민' 띄우는 이정현의...,https://www.ohmynews.com/NWS_Web/View/at_pg.aspx?CNTN_CD=A0003218722&CMPT_CD=P0010&utm_source=naver&utm_medium=newsearch&utm_campaign=naver_news,Naver News,TGD,URL중복,
2026-04-01,2026-03-27,Van Cleef & Arpels,,[손병관의 뉴스프레소] 승산 없어도 '경기지사 유승민' 띄우는 이정현의...,https://www.ohmynews.com/NWS_Web/View/at_pg.aspx?CNTN_CD=A0003218722&CMPT_CD=P0010&utm_source=naver&utm_medium=newsearch&utm_campaign=naver_news,Naver News,TGD,URL중복,
2026-04-01,2026-03-27,Van Cleef & Arpels,,A Diamond-and-Ruby Ring Inspired by Indian Bazaars,https://www.nytimes.com/2026/03/27/t-magazine/van-cleef-arpels-ring.html?partner=naver,Naver News,TGD,,
2026-04-01,2026-03-27,Van Cleef & Arpels,,A Diamond-and-Ruby Ring Inspired by Indian Bazaars,https://www.nytimes.com/2026/03/27/t-magazine/van-cleef-arpels-ring.html?partner=naver,Naver News,TGD,URL중복,
2026-04-01,2026-03-27,Van Cleef & Arpels,,A Diamond-and-Ruby Ring Inspired by Indian Bazaars,https://www.nytimes.com/2026/03/27/t-magazine/van-cleef-arpels-ring.html?partner=naver,Naver News,TGD,,
2026-04-01,2026-03-27,Van Cleef & Arpels,,A Diamond-and-Ruby Ring Inspired by Indian Bazaars,https://www.nytimes.com/2026/03/27/t-magazine/van-cleef-arpels-ring.html?partner=naver,Naver News,TGD,URL중복,
2026-04-01,2026-03-27,Van Cleef & Arpels,,“김건희 순방 세트 중 귀걸이 못 돌려받아”…이봉관 “순방 목걸이는...,https://news.kbs.co.kr/news/pc/view/view.do?ncd=8519808&ref=A,Naver News,TGD,,
2026-04-01,2026-03-27,Van Cleef & Arpels,,“김건희 순방 세트 중 귀걸이 못 돌려받아”…이봉관 “순방 목걸이는...,https://news.kbs.co.kr/news/pc/view/view.do?ncd=8519808&ref=A,Naver News,TGD,URL중복,
2026-04-01,2026-03-27,Van Cleef & Arpels,,“김건희 순방 세트 중 귀걸이 못 돌려받아”…이봉관 “순방 목걸이는...,https://news.kbs.co.kr/news/pc/view/view.do?ncd=8519808&ref=A,Naver News,TGD,,
2026-04-01,2026-03-27,Van Cleef & Arpels,,“김건희 순방 세트 중 귀걸이 못 돌려받아”…이봉관 “순방 목걸이는...,https://news.kbs.co.kr/news/pc/view/view.do?ncd=8519808&ref=A,Naver News,TGD,URL중복,
2026-04-01,2026-03-27,Van Cleef & Arpels,,"김건희 재판 등장한 서희건설 회장…&quot;목걸이 등, 일종의 보험용&quot;",https://news.sbs.co.kr/news/endPage.do?news_id=N1008494224&plink=ORI&cooper=NAVER,Naver News,TGD,,
2026-04-01,2026-03-27,Van Cleef & Arpels,,"김건희 재판 등장한 서희건설 회장…&quot;목걸이 등, 일종의 보험용&quot;",https://news.sbs.co.kr/news/endPage.do?news_id=N1008494224&plink=ORI&cooper=NAVER,Naver News,TGD,URL중복,
2026-04-01,2026-03-27,Van Cleef & Arpels,,"김건희 재판 등장한 서희건설 회장…&quot;목걸이 등, 일종의 보험용&quot;",https://news.sbs.co.kr/news/endPage.do?news_id=N1008494224&plink=ORI&cooper=NAVER,Naver News,TGD,URL중복,
2026-04-01,2026-03-27,Van Cleef & Arpels,,"김건희 재판 등장한 서희건설 회장…&quot;목걸이 등, 일종의 보험용&quot;",https://news.sbs.co.kr/news/endPage.do?news_id=N1008494224&plink=ORI&cooper=NAVER,Naver News,TGD,,
2026-04-01,2026-03-27,Van Cleef & Arpels,,"김건희 재판 등장한 서희건설 회장…&quot;목걸이 등, 일종의 보험용&quot;",https://news.sbs.co.kr/news/endPage.do?news_id=N1008494224&plink=ORI&cooper=NAVER,Naver News,TGD,URL중복,
2026-04-01,2026-03-27,Van Cleef & Arpels,,"김건희 재판 등장한 서희건설 회장…&quot;목걸이 등, 일종의 보험용&quot;",https://news.sbs.co.kr/news/endPage.do?news_id=N1008494224&plink=ORI&cooper=NAVER,Naver News,TGD,URL중복,
2026-04-01,2026-03-27,Van Cleef & Arpels,,디자인 스튜디오 ‘오이토엠폰투’ 공동 창립자의 아파트에는 어떤 주얼...,https://www.vogue.co.kr/2026/03/27/%eb%94%94%ec%9e%90%ec%9d%b8-%ec%8a%a4%ed%8a%9c%eb%94%94%ec%98%a4-%ec%98%a4%ec%9d%b4%ed%86%a0%ec%97%a0%ed%8f%b0%ed%88%ac-%ea%b3%b5%eb%8f%99-%ec%b0%bd%eb%a6%bd%ec%9e%90%ec%9d%98-%ec%95%84%ed%8c%8c/?utm_source=naver&utm_medium=partnership,Naver News,TGD,,
2026-04-01,2026-03-27,Van Cleef & Arpels,,디자인 스튜디오 ‘오이토엠폰투’ 공동 창립자의 아파트에는 어떤 주얼...,https://www.vogue.co.kr/2026/03/27/%eb%94%94%ec%9e%90%ec%9d%b8-%ec%8a%a4%ed%8a%9c%eb%94%94%ec%98%a4-%ec%98%a4%ec%9d%b4%ed%86%a0%ec%97%a0%ed%8f%b0%ed%88%ac-%ea%b3%b5%eb%8f%99-%ec%b0%bd%eb%a6%bd%ec%9e%90%ec%9d%98-%ec%95%84%ed%8c%8c/?utm_source=naver&utm_medium=partnership,Naver News,TGD,URL중복,
2026-04-01,2026-03-27,Van Cleef & Arpels,,디자인 스튜디오 ‘오이토엠폰투’ 공동 창립자의 아파트에는 어떤 주얼...,https://www.vogue.co.kr/2026/03/27/%eb%94%94%ec%9e%90%ec%9d%b8-%ec%8a%a4%ed%8a%9c%eb%94%94%ec%98%a4-%ec%98%a4%ec%9d%b4%ed%86%a0%ec%97%a0%ed%8f%b0%ed%88%ac-%ea%b3%b5%eb%8f%99-%ec%b0%bd%eb%a6%bd%ec%9e%90%ec%9d%98-%ec%95%84%ed%8c%8c/?utm_source=naver&utm_medium=partnership,Naver News,TGD,URL중복,
2026-04-01,2026-03-27,Van Cleef & Arpels,,디자인 스튜디오 ‘오이토엠폰투’ 공동 창립자의 아파트에는 어떤 주얼...,https://www.vogue.co.kr/2026/03/27/%eb%94%94%ec%9e%90%ec%9d%b8-%ec%8a%a4%ed%8a%9c%eb%94%94%ec%98%a4-%ec%98%a4%ec%9d%b4%ed%86%a0%ec%97%a0%ed%8f%b0%ed%88%ac-%ea%b3%b5%eb%8f%99-%ec%b0%bd%eb%a6%bd%ec%9e%90%ec%9d%98-%ec%95%84%ed%8c%8c/?utm_source=naver&utm_medium=partnership,Naver News,TGD,URL중복,
2026-04-01,2026-03-27,Van Cleef & Arpels,,디자인 스튜디오 ‘오이토엠폰투’ 공동 창립자의 아파트에는 어떤 주얼...,https://www.vogue.co.kr/2026/03/27/%eb%94%94%ec%9e%90%ec%9d%b8-%ec%8a%a4%ed%8a%9c%eb%94%94%ec%98%a4-%ec%98%a4%ec%9d%b4%ed%86%a0%ec%97%a0%ed%8f%b0%ed%88%ac-%ea%b3%b5%eb%8f%99-%ec%b0%bd%eb%a6%bd%ec%9e%90%ec%9d%98-%ec%95%84%ed%8c%8c/?utm_source=naver&utm_medium=partnership,Naver News,TGD,URL중복,
2026-04-01,2026-03-27,Van Cleef & Arpels,,디자인 스튜디오 ‘오이토엠폰투’ 공동 창립자의 아파트에는 어떤 주얼...,https://www.vogue.co.kr/2026/03/27/%eb%94%94%ec%9e%90%ec%9d%b8-%ec%8a%a4%ed%8a%9c%eb%94%94%ec%98%a4-%ec%98%a4%ec%9d%b4%ed%86%a0%ec%97%a0%ed%8f%b0%ed%88%ac-%ea%b3%b5%eb%8f%99-%ec%b0%bd%eb%a6%bd%ec%9e%90%ec%9d%98-%ec%95%84%ed%8c%8c/?utm_source=naver&utm_medium=partnership,Naver News,TGD,,
2026-04-01,2026-03-27,Van Cleef & Arpels,,디자인 스튜디오 ‘오이토엠폰투’ 공동 창립자의 아파트에는 어떤 주얼...,https://www.vogue.co.kr/2026/03/27/%eb%94%94%ec%9e%90%ec%9d%b8-%ec%8a%a4%ed%8a%9c%eb%94%94%ec%98%a4-%ec%98%a4%ec%9d%b4%ed%86%a0%ec%97%a0%ed%8f%b0%ed%88%ac-%ea%b3%b5%eb%8f%99-%ec%b0%bd%eb%a6%bd%ec%9e%90%ec%9d%98-%ec%95%84%ed%8c%8c/?utm_source=naver&utm_medium=partnership,Naver News,TGD,URL중복,
2026-04-01,2026-03-27,Van Cleef & Arpels,,디자인 스튜디오 ‘오이토엠폰투’ 공동 창립자의 아파트에는 어떤 주얼...,https://www.vogue.co.kr/2026/03/27/%eb%94%94%ec%9e%90%ec%9d%b8-%ec%8a%a4%ed%8a%9c%eb%94%94%ec%98%a4-%ec%98%a4%ec%9d%b4%ed%86%a0%ec%97%a0%ed%8f%b0%ed%88%ac-%ea%b3%b5%eb%8f%99-%ec%b0%bd%eb%a6%bd%ec%9e%90%ec%9d%98-%ec%95%84%ed%8c%8c/?utm_source=naver&utm_medium=partnership,Naver News,TGD,URL중복,
2026-04-01,2026-03-27,Van Cleef & Arpels,,디자인 스튜디오 ‘오이토엠폰투’ 공동 창립자의 아파트에는 어떤 주얼...,https://www.vogue.co.kr/2026/03/27/%eb%94%94%ec%9e%90%ec%9d%b8-%ec%8a%a4%ed%8a%9c%eb%94%94%ec%98%a4-%ec%98%a4%ec%9d%b4%ed%86%a0%ec%97%a0%ed%8f%b0%ed%88%ac-%ea%b3%b5%eb%8f%99-%ec%b0%bd%eb%a6%bd%ec%9e%90%ec%9d%98-%ec%95%84%ed%8c%8c/?utm_source=naver&utm_medium=partnership,Naver News,TGD,URL중복,
2026-04-01,2026-03-27,Van Cleef & Arpels,,디자인 스튜디오 ‘오이토엠폰투’ 공동 창립자의 아파트에는 어떤 주얼...,https://www.vogue.co.kr/2026/03/27/%eb%94%94%ec%9e%90%ec%9d%b8-%ec%8a%a4%ed%8a%9c%eb%94%94%ec%98%a4-%ec%98%a4%ec%9d%b4%ed%86%a0%ec%97%a0%ed%8f%b0%ed%88%ac-%ea%b3%b5%eb%8f%99-%ec%b0%bd%eb%a6%bd%ec%9e%90%ec%9d%98-%ec%95%84%ed%8c%8c/?utm_source=naver&utm_medium=partnership,Naver News,TGD,URL중복,
2026-04-01,2026-03-27,Van Cleef & Arpels,,"롯데백화점, 봄 정기 스프링 세일 진행...고메·와인·웨딩까지 행사 총...",http://www.econonews.co.kr/news/articleView.html?idxno=433012,Naver News,TGD,,
2026-04-01,2026-03-27,Van Cleef & Arpels,,"롯데백화점, 봄 정기 스프링 세일 진행...고메·와인·웨딩까지 행사 총...",http://www.econonews.co.kr/news/articleView.html?idxno=433012,Naver News,TGD,URL중복,
2026-04-01,2026-03-27,Van Cleef & Arpels,,"롯데백화점, 봄 정기 스프링 세일 진행...고메·와인·웨딩까지 행사 총...",http://www.econonews.co.kr/news/articleView.html?idxno=433012,Naver News,TGD,URL중복,
2026-04-01,2026-03-27,Van Cleef & Arpels,,"롯데백화점, 봄 정기 스프링 세일 진행...고메·와인·웨딩까지 행사 총...",http://www.econonews.co.kr/news/articleView.html?idxno=433012,Naver News,TGD,,
2026-04-01,2026-03-27,Van Cleef & Arpels,,"롯데백화점, 봄 정기 스프링 세일 진행...고메·와인·웨딩까지 행사 총...",http://www.econonews.co.kr/news/articleView.html?idxno=433012,Naver News,TGD,URL중복,
2026-04-01,2026-03-27,Van Cleef & Arpels,,"롯데백화점, 봄 정기 스프링 세일 진행...고메·와인·웨딩까지 행사 총...",http://www.econonews.co.kr/news/articleView.html?idxno=433012,Naver News,TGD,URL중복,
2026-04-01,2026-03-27,Van Cleef & Arpels,,"반클리프 아펠 오뜨 퍼퓨머리, 국내 첫 팝업서 프래그런스 컬렉션 공개",https://www.fntoday.co.kr/news/articleView.html?idxno=380835,Naver News,TGD,,
2026-04-01,2026-03-27,Van Cleef & Arpels,,"반클리프 아펠 오뜨 퍼퓨머리, 국내 첫 팝업서 프래그런스 컬렉션 공개",https://www.fntoday.co.kr/news/articleView.html?idxno=380835,Naver News,TGD,URL중복,
2026-04-01,2026-03-27,Van Cleef & Arpels,,"반클리프 아펠 오뜨 퍼퓨머리, 국내 첫 팝업서 프래그런스 컬렉션 공개",https://www.fntoday.co.kr/news/articleView.html?idxno=380835,Naver News,TGD,URL중복,
2026-04-01,2026-03-27,Van Cleef & Arpels,,"반클리프 아펠 오뜨 퍼퓨머리, 국내 첫 팝업서 프래그런스 컬렉션 공개",https://www.fntoday.co.kr/news/articleView.html?idxno=380835,Naver News,TGD,URL중복,
2026-04-01,2026-03-27,Van Cleef & Arpels,,"반클리프 아펠 오뜨 퍼퓨머리, 국내 첫 팝업서 프래그런스 컬렉션 공개",https://www.fntoday.co.kr/news/articleView.html?idxno=380835,Naver News,TGD,URL중복,
2026-04-01,2026-03-27,Van Cleef & Arpels,,"반클리프 아펠 오뜨 퍼퓨머리, 국내 첫 팝업서 프래그런스 컬렉션 공개",https://www.fntoday.co.kr/news/articleView.html?idxno=380835,Naver News,TGD,,
2026-04-01,2026-03-27,Van Cleef & Arpels,,"반클리프 아펠 오뜨 퍼퓨머리, 국내 첫 팝업서 프래그런스 컬렉션 공개",https://www.fntoday.co.kr/news/articleView.html?idxno=380835,Naver News,TGD,URL중복,
2026-04-01,2026-03-27,Van Cleef & Arpels,,"반클리프 아펠 오뜨 퍼퓨머리, 국내 첫 팝업서 프래그런스 컬렉션 공개",https://www.fntoday.co.kr/news/articleView.html?idxno=380835,Naver News,TGD,URL중복,
2026-04-01,2026-03-27,Van Cleef & Arpels,,"반클리프 아펠 오뜨 퍼퓨머리, 국내 첫 팝업서 프래그런스 컬렉션 공개",https://www.fntoday.co.kr/news/articleView.html?idxno=380835,Naver News,TGD,URL중복,
2026-04-01,2026-03-27,Van Cleef & Arpels,,"반클리프 아펠 오뜨 퍼퓨머리, 국내 첫 팝업서 프래그런스 컬렉션 공개",https://www.fntoday.co.kr/news/articleView.html?idxno=380835,Naver News,TGD,URL중복,
2026-04-01,2026-03-27,Van Cleef & Arpels,,"반클리프 아펠 오뜨 퍼퓨머리, 롯데월드몰 팝업 오픈…프래그런스 라인...",http://www.beyondpost.co.kr/view.php?ud=2026032710391072446cf2d78c68_30,Naver News,TGD,,
2026-04-01,2026-03-27,Van Cleef & Arpels,,"반클리프 아펠 오뜨 퍼퓨머리, 롯데월드몰 팝업 오픈…프래그런스 라인...",http://www.beyondpost.co.kr/view.php?ud=2026032710391072446cf2d78c68_30,Naver News,TGD,URL중복,
2026-04-01,2026-03-27,Van Cleef & Arpels,,"반클리프 아펠 오뜨 퍼퓨머리, 롯데월드몰 팝업 오픈…프래그런스 라인...",http://www.beyondpost.co.kr/view.php?ud=2026032710391072446cf2d78c68_30,Naver News,TGD,URL중복,
2026-04-01,2026-03-27,Van Cleef & Arpels,,"반클리프 아펠 오뜨 퍼퓨머리, 롯데월드몰 팝업 오픈…프래그런스 라인...",http://www.beyondpost.co.kr/view.php?ud=2026032710391072446cf2d78c68_30,Naver News,TGD,URL중복,
2026-04-01,2026-03-27,Van Cleef & Arpels,,"반클리프 아펠 오뜨 퍼퓨머리, 롯데월드몰 팝업 오픈…프래그런스 라인...",http://www.beyondpost.co.kr/view.php?ud=2026032710391072446cf2d78c68_30,Naver News,TGD,,
2026-04-01,2026-03-27,Van Cleef & Arpels,,"반클리프 아펠 오뜨 퍼퓨머리, 롯데월드몰 팝업 오픈…프래그런스 라인...",http://www.beyondpost.co.kr/view.php?ud=2026032710391072446cf2d78c68_30,Naver News,TGD,URL중복,
2026-04-01,2026-03-27,Van Cleef & Arpels,,"반클리프 아펠 오뜨 퍼퓨머리, 롯데월드몰 팝업 오픈…프래그런스 라인...",http://www.beyondpost.co.kr/view.php?ud=2026032710391072446cf2d78c68_30,Naver News,TGD,URL중복,
2026-04-01,2026-03-27,Van Cleef & Arpels,,"반클리프 아펠 오뜨 퍼퓨머리, 롯데월드몰 팝업 오픈…프래그런스 라인...",http://www.beyondpost.co.kr/view.php?ud=2026032710391072446cf2d78c68_30,Naver News,TGD,URL중복,
2026-04-01,2026-03-27,Van Cleef & Arpels,,반클리프앤아펠/미드나잇인파리/125[판매완료] - ● ACC - ●디젤매니아● 다음디매 중고장터 - Daum 카페,https://news.google.com/rss/articles/CBMivAJBVV95cUxOZDVBZHhwZFd3STFCY3JfSFZEYjlHSHBmN19DTEVTZHZJVThpS2NNaWxBMGNqeC1NRThYM0c5SE5yM014MW5QN3pYbGFoaFFRYVZzSTZjbFltWFFDVFQtNmpMekZVaHp0SkJ5Z3BDWE1jNEhUZGxfS1ZVYk9CSi1tcEtDU1Y4cm5VeUxVQjlyZmFldXBuT2hBVXpLSFZPZWdfYTNRb2dSYnphWGpjUEd6dTJ5UUl1VEFJWEdqanpyN2ZDZWtNWDN2X3A2NzJ6djdTdDNqVGluYzFuUXdpRnlEQXVnamZqVlRmdHdaRnNXeUZpU1ZSUFlCUjhibERCQzZ2Wm9kQkVyXzM0ZXBXMmFSSDdwd1IxZkgzUWIzMmh1MEhKNXhHQm9XTm5ucVR6OUpfTmhNM2VNekFjS1Fp?oc=5,Daum News,TGD,,
2026-04-01,2026-03-27,Van Cleef & Arpels,,반클리프앤아펠/미드나잇인파리/125[판매완료] - ● ACC - ●디젤매니아● 다음디매 중고장터 - Daum 카페,https://news.google.com/rss/articles/CBMijwFBVV95cUxQazlsd01pUXFBQjNuMHl5SDFUazRtTFVIOTQzeVJacGk0ZkxMMl90S1AwcklmdmxMVlI0clYzRlVkTHdzVkNtR2dNSHhWQm1xQTZkdmtLMXhYS2JLbUlGUWlzVFdjSXJ5VkZVY2o4RnpJTlI5SW9Ec3RLMENVRHF2Q3lpbmxRT0FYbk9UazFXTQ?oc=5,Daum News,TGD,,
2026-04-01,2026-03-27,Van Cleef & Arpels,,반클리프앤아펠/미드나잇인파리/125[판매완료] - ● ACC - ●디젤매니아● 다음디매 중고장터 - Daum 카페,https://news.google.com/rss/articles/CBMivAJBVV95cUxOZDVBZHhwZFd3STFCY3JfSFZEYjlHSHBmN19DTEVTZHZJVThpS2NNaWxBMGNqeC1NRThYM0c5SE5yM014MW5QN3pYbGFoaFFRYVZzSTZjbFltWFFDVFQtNmpMekZVaHp0SkJ5Z3BDWE1jNEhUZGxfS1ZVYk9CSi1tcEtDU1Y4cm5VeUxVQjlyZmFldXBuT2hBVXpLSFZPZWdfYTNRb2dSYnphWGpjUEd6dTJ5UUl1VEFJWEdqanpyN2ZDZWtNWDN2X3A2NzJ6djdTdDNqVGluYzFuUXdpRnlEQXVnamZqVlRmdHdaRnNXeUZpU1ZSUFlCUjhibERCQzZ2Wm9kQkVyXzM0ZXBXMmFSSDdwd1IxZkgzUWIzMmh1MEhKNXhHQm9XTm5ucVR6OUpfTmhNM2VNekFjS1Fp?oc=5,Daum News,TGD,URL중복,
2026-04-01,2026-03-27,Van Cleef & Arpels,,반클리프앤아펠/미드나잇인파리/125[판매완료] - ● ACC - ●디젤매니아● 다음디매 중고장터 - Daum 카페,https://news.google.com/rss/articles/CBMijwFBVV95cUxQazlsd01pUXFBQjNuMHl5SDFUazRtTFVIOTQzeVJacGk0ZkxMMl90S1AwcklmdmxMVlI0clYzRlVkTHdzVkNtR2dNSHhWQm1xQTZkdmtLMXhYS2JLbUlGUWlzVFdjSXJ5VkZVY2o4RnpJTlI5SW9Ec3RLMENVRHF2Q3lpbmxRT0FYbk9UazFXTQ?oc=5,Daum News,TGD,URL중복,
2026-04-01,2026-03-27,Van Cleef & Arpels,,반클리프앤아펠/미드나잇인파리/125[판매완료] - ● ACC - ●디젤매니아● 다음디매 중고장터 - Daum 카페,https://news.google.com/rss/articles/CBMijwFBVV95cUxQazlsd01pUXFBQjNuMHl5SDFUazRtTFVIOTQzeVJacGk0ZkxMMl90S1AwcklmdmxMVlI0clYzRlVkTHdzVkNtR2dNSHhWQm1xQTZkdmtLMXhYS2JLbUlGUWlzVFdjSXJ5VkZVY2o4RnpJTlI5SW9Ec3RLMENVRHF2Q3lpbmxRT0FYbk9UazFXTQ?oc=5,Daum News,TGD,URL중복,
2026-04-01,2026-03-27,Van Cleef & Arpels,,반클리프앤아펠/미드나잇인파리/125[판매완료] - ● ACC - ●디젤매니아● 다음디매 중고장터 - Daum 카페,https://news.google.com/rss/articles/CBMijwFBVV95cUxQazlsd01pUXFBQjNuMHl5SDFUazRtTFVIOTQzeVJacGk0ZkxMMl90S1AwcklmdmxMVlI0clYzRlVkTHdzVkNtR2dNSHhWQm1xQTZkdmtLMXhYS2JLbUlGUWlzVFdjSXJ5VkZVY2o4RnpJTlI5SW9Ec3RLMENVRHF2Q3lpbmxRT0FYbk9UazFXTQ?oc=5,Daum News,TGD,,
2026-04-01,2026-03-27,Van Cleef & Arpels,,반클리프앤아펠/미드나잇인파리/125[판매완료] - ● ACC - ●디젤매니아● 다음디매 중고장터 - Daum 카페,https://news.google.com/rss/articles/CBMivAJBVV95cUxOZDVBZHhwZFd3STFCY3JfSFZEYjlHSHBmN19DTEVTZHZJVThpS2NNaWxBMGNqeC1NRThYM0c5SE5yM014MW5QN3pYbGFoaFFRYVZzSTZjbFltWFFDVFQtNmpMekZVaHp0SkJ5Z3BDWE1jNEhUZGxfS1ZVYk9CSi1tcEtDU1Y4cm5VeUxVQjlyZmFldXBuT2hBVXpLSFZPZWdfYTNRb2dSYnphWGpjUEd6dTJ5UUl1VEFJWEdqanpyN2ZDZWtNWDN2X3A2NzJ6djdTdDNqVGluYzFuUXdpRnlEQXVnamZqVlRmdHdaRnNXeUZpU1ZSUFlCUjhibERCQzZ2Wm9kQkVyXzM0ZXBXMmFSSDdwd1IxZkgzUWIzMmh1MEhKNXhHQm9XTm5ucVR6OUpfTmhNM2VNekFjS1Fp?oc=5,Daum News,TGD,,
2026-04-01,2026-03-27,Van Cleef & Arpels,,반클리프앤아펠/미드나잇인파리/125[판매완료] - ● ACC - ●디젤매니아● 다음디매 중고장터 - Daum 카페,https://news.google.com/rss/articles/CBMijwFBVV95cUxQazlsd01pUXFBQjNuMHl5SDFUazRtTFVIOTQzeVJacGk0ZkxMMl90S1AwcklmdmxMVlI0clYzRlVkTHdzVkNtR2dNSHhWQm1xQTZkdmtLMXhYS2JLbUlGUWlzVFdjSXJ5VkZVY2o4RnpJTlI5SW9Ec3RLMENVRHF2Q3lpbmxRT0FYbk9UazFXTQ?oc=5,Daum News,TGD,URL중복,
2026-04-01,2026-03-27,Van Cleef & Arpels,,반클리프앤아펠/미드나잇인파리/125[판매완료] - ● ACC - ●디젤매니아● 다음디매 중고장터 - Daum 카페,https://news.google.com/rss/articles/CBMijwFBVV95cUxQazlsd01pUXFBQjNuMHl5SDFUazRtTFVIOTQzeVJacGk0ZkxMMl90S1AwcklmdmxMVlI0clYzRlVkTHdzVkNtR2dNSHhWQm1xQTZkdmtLMXhYS2JLbUlGUWlzVFdjSXJ5VkZVY2o4RnpJTlI5SW9Ec3RLMENVRHF2Q3lpbmxRT0FYbk9UazFXTQ?oc=5,Daum News,TGD,URL중복,
2026-04-01,2026-03-27,Van Cleef & Arpels,,반클리프앤아펠/미드나잇인파리/125[판매완료] - ● ACC - ●디젤매니아● 다음디매 중고장터 - Daum 카페,https://news.google.com/rss/articles/CBMivAJBVV95cUxOZDVBZHhwZFd3STFCY3JfSFZEYjlHSHBmN19DTEVTZHZJVThpS2NNaWxBMGNqeC1NRThYM0c5SE5yM014MW5QN3pYbGFoaFFRYVZzSTZjbFltWFFDVFQtNmpMekZVaHp0SkJ5Z3BDWE1jNEhUZGxfS1ZVYk9CSi1tcEtDU1Y4cm5VeUxVQjlyZmFldXBuT2hBVXpLSFZPZWdfYTNRb2dSYnphWGpjUEd6dTJ5UUl1VEFJWEdqanpyN2ZDZWtNWDN2X3A2NzJ6djdTdDNqVGluYzFuUXdpRnlEQXVnamZqVlRmdHdaRnNXeUZpU1ZSUFlCUjhibERCQzZ2Wm9kQkVyXzM0ZXBXMmFSSDdwd1IxZkgzUWIzMmh1MEhKNXhHQm9XTm5ucVR6OUpfTmhNM2VNekFjS1Fp?oc=5,Daum News,TGD,URL중복,
2026-04-01,2026-03-27,Van Cleef & Arpels,,서희건설 회장 “김건희에 보험용으로 목걸이 줬다”,https://www.seoul.co.kr/news/society/law/2026/03/27/20260327010008?wlog_tag3=naver,Naver News,TGD,,
2026-04-01,2026-03-27,Van Cleef & Arpels,,서희건설 회장 “김건희에 보험용으로 목걸이 줬다”,https://www.seoul.co.kr/news/society/law/2026/03/27/20260327010008?wlog_tag3=naver,Naver News,TGD,URL중복,
2026-04-01,2026-03-27,Van Cleef & Arpels,,서희건설 회장 “김건희에 보험용으로 목걸이 줬다”,https://www.seoul.co.kr/news/society/law/2026/03/27/20260327010008?wlog_tag3=naver,Naver News,TGD,URL중복,
2026-04-01,2026-03-27,Van Cleef & Arpels,,서희건설 회장 “김건희에 보험용으로 목걸이 줬다”,https://www.seoul.co.kr/news/society/law/2026/03/27/20260327010008?wlog_tag3=naver,Naver News,TGD,,
2026-04-01,2026-03-27,Van Cleef & Arpels,,서희건설 회장 “김건희에 보험용으로 목걸이 줬다”,https://www.seoul.co.kr/news/society/law/2026/03/27/20260327010008?wlog_tag3=naver,Naver News,TGD,URL중복,
2026-04-01,2026-03-27,Van Cleef & Arpels,,서희건설 회장 “김건희에 보험용으로 목걸이 줬다”,https://www.seoul.co.kr/news/society/law/2026/03/27/20260327010008?wlog_tag3=naver,Naver News,TGD,URL중복,
2026-04-01,2026-03-27,Van Cleef & Arpels,,"스프링 인 잠실, 석촌호수 벚꽃축제 개최",https://www.bntnews.co.kr/article/view/bnt202603270001,Naver News,TGD,,
2026-04-01,2026-03-27,Van Cleef & Arpels,,"스프링 인 잠실, 석촌호수 벚꽃축제 개최",https://www.bntnews.co.kr/article/view/bnt202603270001,Naver News,TGD,URL중복,
2026-04-01,2026-03-27,Van Cleef & Arpels,,"스프링 인 잠실, 석촌호수 벚꽃축제 개최",https://www.bntnews.co.kr/article/view/bnt202603270001,Naver News,TGD,URL중복,
2026-04-01,2026-03-27,Van Cleef & Arpels,,"스프링 인 잠실, 석촌호수 벚꽃축제 개최",https://www.bntnews.co.kr/article/view/bnt202603270001,Naver News,TGD,,
2026-04-01,2026-03-27,Van Cleef & Arpels,,"스프링 인 잠실, 석촌호수 벚꽃축제 개최",https://www.bntnews.co.kr/article/view/bnt202603270001,Naver News,TGD,URL중복,
2026-04-01,2026-03-27,Van Cleef & Arpels,,"스프링 인 잠실, 석촌호수 벚꽃축제 개최",https://www.bntnews.co.kr/article/view/bnt202603270001,Naver News,TGD,URL중복,
2026-04-01,2026-03-27,Van Cleef & Arpels,,이봉관 “김건희에 ‘보험용’ 목걸이 선물” 법정 진술,https://www.donga.com/news/Society/article/all/20260327/133618818/2,Naver News,TGD,,
2026-04-01,2026-03-27,Van Cleef & Arpels,,이봉관 “김건희에 ‘보험용’ 목걸이 선물” 법정 진술,https://www.donga.com/news/Society/article/all/20260327/133618818/2,Naver News,TGD,URL중복,
2026-04-01,2026-03-27,Van Cleef & Arpels,,이봉관 “김건희에 ‘보험용’ 목걸이 선물” 법정 진술,https://www.donga.com/news/Society/article/all/20260327/133618818/2,Naver News,TGD,URL중복,
2026-04-01,2026-03-27,Van Cleef & Arpels,,이봉관 “김건희에 ‘보험용’ 목걸이 선물” 법정 진술,https://www.donga.com/news/Society/article/all/20260327/133618818/2,Naver News,TGD,,
2026-04-01,2026-03-27,Van Cleef & Arpels,,이봉관 “김건희에 ‘보험용’ 목걸이 선물” 법정 진술,https://www.donga.com/news/Society/article/all/20260327/133618818/2,Naver News,TGD,URL중복,
2026-04-01,2026-03-27,Van Cleef & Arpels,,이봉관 “김건희에 ‘보험용’ 목걸이 선물” 법정 진술,https://www.donga.com/news/Society/article/all/20260327/133618818/2,Naver News,TGD,URL중복,
2026-04-01,2026-03-27,Van Cleef & Arpels,,잠실 석촌호수 벚꽃축제 '2026 스프링 인 잠실' 기간·프로그램,https://www.gukjenews.com/news/articleView.html?idxno=3540812,Naver News,TGD,,
2026-04-01,2026-03-27,Van Cleef & Arpels,,잠실 석촌호수 벚꽃축제 '2026 스프링 인 잠실' 기간·프로그램,https://www.gukjenews.com/news/articleView.html?idxno=3540812,Naver News,TGD,URL중복,
2026-04-01,2026-03-27,Van Cleef & Arpels,,잠실 석촌호수 벚꽃축제 '2026 스프링 인 잠실' 기간·프로그램,https://www.gukjenews.com/news/articleView.html?idxno=3540812,Naver News,TGD,URL중복,
2026-04-01,2026-03-27,Van Cleef & Arpels,,잠실 석촌호수 벚꽃축제 '2026 스프링 인 잠실' 기간·프로그램,https://www.gukjenews.com/news/articleView.html?idxno=3540812,Naver News,TGD,URL중복,
2026-04-01,2026-03-27,Van Cleef & Arpels,,잠실 석촌호수 벚꽃축제 '2026 스프링 인 잠실' 기간·프로그램,https://www.gukjenews.com/news/articleView.html?idxno=3540812,Naver News,TGD,URL중복,
2026-04-01,2026-03-27,Van Cleef & Arpels,,잠실 석촌호수 벚꽃축제 '2026 스프링 인 잠실' 기간·프로그램,https://www.gukjenews.com/news/articleView.html?idxno=3540812,Naver News,TGD,,
2026-04-01,2026-03-27,Van Cleef & Arpels,,잠실 석촌호수 벚꽃축제 '2026 스프링 인 잠실' 기간·프로그램,https://www.gukjenews.com/news/articleView.html?idxno=3540812,Naver News,TGD,URL중복,
2026-04-01,2026-03-27,Van Cleef & Arpels,,잠실 석촌호수 벚꽃축제 '2026 스프링 인 잠실' 기간·프로그램,https://www.gukjenews.com/news/articleView.html?idxno=3540812,Naver News,TGD,URL중복,
2026-04-01,2026-03-27,Van Cleef & Arpels,,잠실 석촌호수 벚꽃축제 '2026 스프링 인 잠실' 기간·프로그램,https://www.gukjenews.com/news/articleView.html?idxno=3540812,Naver News,TGD,URL중복,
2026-04-01,2026-03-27,Van Cleef & Arpels,,잠실 석촌호수 벚꽃축제 '2026 스프링 인 잠실' 기간·프로그램,https://www.gukjenews.com/news/articleView.html?idxno=3540812,Naver News,TGD,URL중복,
2026-04-01,2026-03-27,Van Cleef & Arpels,,잠실에 벌써 꽃이 만개했다…반클리프 아펠이 만든 동화 정원 [더 하이...,https://www.joongang.co.kr/article/25415449,Naver News,TGD,,
2026-04-01,2026-03-27,Van Cleef & Arpels,,잠실에 벌써 꽃이 만개했다…반클리프 아펠이 만든 동화 정원 [더 하이...,https://www.joongang.co.kr/article/25415449,Naver News,TGD,URL중복,
2026-04-01,2026-03-27,Van Cleef & Arpels,,잠실에 벌써 꽃이 만개했다…반클리프 아펠이 만든 동화 정원 [더 하이...,https://www.joongang.co.kr/article/25415449,Naver News,TGD,URL중복,
2026-04-01,2026-03-27,Van Cleef & Arpels,,잠실에 벌써 꽃이 만개했다…반클리프 아펠이 만든 동화 정원 [더 하이...,https://www.joongang.co.kr/article/25415449,Naver News,TGD,URL중복,
2026-04-01,2026-03-27,Van Cleef & Arpels,,잠실에 벌써 꽃이 만개했다…반클리프 아펠이 만든 동화 정원 [더 하이...,https://www.joongang.co.kr/article/25415449,Naver News,TGD,URL중복,
2026-04-01,2026-03-27,Van Cleef & Arpels,,잠실에 벌써 꽃이 만개했다…반클리프 아펠이 만든 동화 정원 [더 하이...,https://www.joongang.co.kr/article/25415449,Naver News,TGD,,
2026-04-01,2026-03-27,Van Cleef & Arpels,,잠실에 벌써 꽃이 만개했다…반클리프 아펠이 만든 동화 정원 [더 하이...,https://www.joongang.co.kr/article/25415449,Naver News,TGD,URL중복,
2026-04-01,2026-03-27,Van Cleef & Arpels,,잠실에 벌써 꽃이 만개했다…반클리프 아펠이 만든 동화 정원 [더 하이...,https://www.joongang.co.kr/article/25415449,Naver News,TGD,URL중복,
2026-04-01,2026-03-27,Van Cleef & Arpels,,잠실에 벌써 꽃이 만개했다…반클리프 아펠이 만든 동화 정원 [더 하이...,https://www.joongang.co.kr/article/25415449,Naver News,TGD,URL중복,
2026-04-01,2026-03-27,Van Cleef & Arpels,,잠실에 벌써 꽃이 만개했다…반클리프 아펠이 만든 동화 정원 [더 하이...,https://www.joongang.co.kr/article/25415449,Naver News,TGD,URL중복,
2026-04-01,2026-03-27,Van Cleef & Arpels,,잠실에 벌써 꽃이 만개했다…반클리프 아펠이 만든 동화 정원 [더 하이엔드],http://www.bing.com/news/apiclick.aspx?ref=FexRss&aid=&tid=69cca6432f38456a8d86f542f45351f1&url=https%3a%2f%2fwww.msn.com%2fko-kr%2fnews%2fother%2f%25EC%259E%25A0%25EC%258B%25A4%25EC%2597%2590-%25EB%25B2%258C%25EC%258D%25A8-%25EA%25BD%2583%25EC%259D%25B4-%25EB%25A7%258C%25EA%25B0%259C%25ED%2596%2588%25EB%258B%25A4-%25EB%25B0%2598%25ED%2581%25B4%25EB%25A6%25AC%25ED%2594%2584-%25EC%2595%2584%25ED%258E%25A0%25EC%259D%25B4-%25EB%25A7%258C%25EB%2593%25A0-%25EB%258F%2599%25ED%2599%2594-%25EC%25A0%2595%25EC%259B%2590-%25EB%258D%2594-%25ED%2595%2598%25EC%259D%25B4%25EC%2597%2594%25EB%2593%259C%2far-AA1ZwzkU&c=13195101610666742292&mkt=ko-kr,Bing News,TGD,,
2026-04-01,2026-03-27,Van Cleef & Arpels,,잠실에 벌써 꽃이 만개했다…반클리프 아펠이 만든 동화 정원 [더 하이엔드],http://www.bing.com/news/apiclick.aspx?ref=FexRss&aid=&tid=69cca64500e14ca78d4cd78fd0868cef&url=https%3a%2f%2fwww.msn.com%2fko-kr%2fnews%2fother%2f%25EC%259E%25A0%25EC%258B%25A4%25EC%2597%2590-%25EB%25B2%258C%25EC%258D%25A8-%25EA%25BD%2583%25EC%259D%25B4-%25EB%25A7%258C%25EA%25B0%259C%25ED%2596%2588%25EB%258B%25A4-%25EB%25B0%2598%25ED%2581%25B4%25EB%25A6%25AC%25ED%2594%2584-%25EC%2595%2584%25ED%258E%25A0%25EC%259D%25B4-%25EB%25A7%258C%25EB%2593%25A0-%25EB%258F%2599%25ED%2599%2594-%25EC%25A0%2595%25EC%259B%2590-%25EB%258D%2594-%25ED%2595%2598%25EC%259D%25B4%25EC%2597%2594%25EB%2593%259C%2far-AA1ZwzkU&c=13195101610666742292&mkt=ko-kr,Bing News,TGD,,
2026-04-01,2026-03-27,Van Cleef & Arpels,,잠실에 벌써 꽃이 만개했다…반클리프 아펠이 만든 동화 정원 [더 하이엔드],http://www.bing.com/news/apiclick.aspx?ref=FexRss&aid=&tid=69cca646ab584c3fb99cc0a4777fa70e&url=https%3a%2f%2fwww.msn.com%2fko-kr%2fnews%2fother%2f%25EC%259E%25A0%25EC%258B%25A4%25EC%2597%2590-%25EB%25B2%258C%25EC%258D%25A8-%25EA%25BD%2583%25EC%259D%25B4-%25EB%25A7%258C%25EA%25B0%259C%25ED%2596%2588%25EB%258B%25A4-%25EB%25B0%2598%25ED%2581%25B4%25EB%25A6%25AC%25ED%2594%2584-%25EC%2595%2584%25ED%258E%25A0%25EC%259D%25B4-%25EB%25A7%258C%25EB%2593%25A0-%25EB%258F%2599%25ED%2599%2594-%25EC%25A0%2595%25EC%259B%2590-%25EB%258D%2594-%25ED%2595%2598%25EC%259D%25B4%25EC%2597%2594%25EB%2593%259C%2far-AA1ZwzkU&c=13195101610666742292&mkt=ko-kr,Bing News,TGD,,
2026-04-01,2026-03-27,Van Cleef & Arpels,,잠실에 벌써 꽃이 만개했다…반클리프 아펠이 만든 동화 정원 [더 하이엔드],http://www.bing.com/news/apiclick.aspx?ref=FexRss&aid=&tid=69cca64817fb41e6ad9f78248f46697e&url=https%3a%2f%2fwww.msn.com%2fko-kr%2fnews%2fother%2f%25EC%259E%25A0%25EC%258B%25A4%25EC%2597%2590-%25EB%25B2%258C%25EC%258D%25A8-%25EA%25BD%2583%25EC%259D%25B4-%25EB%25A7%258C%25EA%25B0%259C%25ED%2596%2588%25EB%258B%25A4-%25EB%25B0%2598%25ED%2581%25B4%25EB%25A6%25AC%25ED%2594%2584-%25EC%2595%2584%25ED%258E%25A0%25EC%259D%25B4-%25EB%25A7%258C%25EB%2593%25A0-%25EB%258F%2599%25ED%2599%2594-%25EC%25A0%2595%25EC%259B%2590-%25EB%258D%2594-%25ED%2595%2598%25EC%259D%25B4%25EC%2597%2594%25EB%2593%259C%2far-AA1ZwzkU&c=13195101610666742292&mkt=ko-kr,Bing News,TGD,,
2026-04-01,2026-03-27,Van Cleef & Arpels,,잠실에 벌써 꽃이 만개했다…반클리프 아펠이 만든 동화 정원 [더 하이엔드],http://www.bing.com/news/apiclick.aspx?ref=FexRss&aid=&tid=69ccf14da32941b19a759f27f0b9924b&url=https%3a%2f%2fwww.msn.com%2fko-kr%2fnews%2fother%2f%25EC%259E%25A0%25EC%258B%25A4%25EC%2597%2590-%25EB%25B2%258C%25EC%258D%25A8-%25EA%25BD%2583%25EC%259D%25B4-%25EB%25A7%258C%25EA%25B0%259C%25ED%2596%2588%25EB%258B%25A4-%25EB%25B0%2598%25ED%2581%25B4%25EB%25A6%25AC%25ED%2594%2584-%25EC%2595%2584%25ED%258E%25A0%25EC%259D%25B4-%25EB%25A7%258C%25EB%2593%25A0-%25EB%258F%2599%25ED%2599%2594-%25EC%25A0%2595%25EC%259B%2590-%25EB%258D%2594-%25ED%2595%2598%25EC%259D%25B4%25EC%2597%2594%25EB%2593%259C%2far-AA1ZwzkU&c=13195101610666742292&mkt=ko-kr,Bing News,TGD,,
2026-04-01,2026-03-27,Van Cleef & Arpels,,잠실에 벌써 꽃이 만개했다…반클리프 아펠이 만든 동화 정원 [더 하이엔드],http://www.bing.com/news/apiclick.aspx?ref=FexRss&aid=&tid=69ccf14f3ab14f5bbe4da4a8a1a5c97d&url=https%3a%2f%2fwww.msn.com%2fko-kr%2fnews%2fother%2f%25EC%259E%25A0%25EC%258B%25A4%25EC%2597%2590-%25EB%25B2%258C%25EC%258D%25A8-%25EA%25BD%2583%25EC%259D%25B4-%25EB%25A7%258C%25EA%25B0%259C%25ED%2596%2588%25EB%258B%25A4-%25EB%25B0%2598%25ED%2581%25B4%25EB%25A6%25AC%25ED%2594%2584-%25EC%2595%2584%25ED%258E%25A0%25EC%259D%25B4-%25EB%25A7%258C%25EB%2593%25A0-%25EB%258F%2599%25ED%2599%2594-%25EC%25A0%2595%25EC%259B%2590-%25EB%258D%2594-%25ED%2595%2598%25EC%259D%25B4%25EC%2597%2594%25EB%2593%259C%2far-AA1ZwzkU&c=13195101610666742292&mkt=ko-kr,Bing News,TGD,,
2026-04-01,2026-03-27,Van Cleef & Arpels,,잠실에 벌써 꽃이 만개했다…반클리프 아펠이 만든 동화 정원 [더 하이엔드],http://www.bing.com/news/apiclick.aspx?ref=FexRss&aid=&tid=69ccf150571f481291e268db40db5ac0&url=https%3a%2f%2fwww.msn.com%2fko-kr%2fnews%2fother%2f%25EC%259E%25A0%25EC%258B%25A4%25EC%2597%2590-%25EB%25B2%258C%25EC%258D%25A8-%25EA%25BD%2583%25EC%259D%25B4-%25EB%25A7%258C%25EA%25B0%259C%25ED%2596%2588%25EB%258B%25A4-%25EB%25B0%2598%25ED%2581%25B4%25EB%25A6%25AC%25ED%2594%2584-%25EC%2595%2584%25ED%258E%25A0%25EC%259D%25B4-%25EB%25A7%258C%25EB%2593%25A0-%25EB%258F%2599%25ED%2599%2594-%25EC%25A0%2595%25EC%259B%2590-%25EB%258D%2594-%25ED%2595%2598%25EC%259D%25B4%25EC%2597%2594%25EB%2593%259C%2far-AA1ZwzkU&c=13195101610666742292&mkt=ko-kr,Bing News,TGD,,
2026-04-01,2026-03-27,Van Cleef & Arpels,,잠실에 벌써 꽃이 만개했다…반클리프 아펠이 만든 동화 정원 [더 하이엔드] - joongang.co.kr,https://news.google.com/rss/articles/CBMiVkFVX3lxTE9ob2l6WkU1UnpUTmJYNWY4d19yRmVpQlhac3MtdE8xeWEtYXdlY2k2OVB6Skl1R3BtR2RpM3UxZTUzc19WbWo5T0tvUXF1WmtIWDZsM2N3?oc=5,Google News,TGD,,
2026-04-01,2026-03-27,Van Cleef & Arpels,,잠실에 벌써 꽃이 만개했다…반클리프 아펠이 만든 동화 정원 [더 하이엔드] - joongang.co.kr,https://news.google.com/rss/articles/CBMiVkFVX3lxTE9ob2l6WkU1UnpUTmJYNWY4d19yRmVpQlhac3MtdE8xeWEtYXdlY2k2OVB6Skl1R3BtR2RpM3UxZTUzc19WbWo5T0tvUXF1WmtIWDZsM2N3?oc=5,Google News,TGD,URL중복,
2026-04-01,2026-03-27,Van Cleef & Arpels,,잠실에 벌써 꽃이 만개했다…반클리프 아펠이 만든 동화 정원 [더 하이엔드] - v.daum.net,https://news.google.com/rss/articles/CBMiS0FVX3lxTE1FUHJxa0Ezd1FmQmlrd0x2S2c2MXVKbVhpR0xiREZLNi0tMl9kYk1ELVFlay0xRXFZak83bTZlcG5OMnk4bnZnRHF1RQ?oc=5,Daum News,TGD,,
2026-04-01,2026-03-27,Van Cleef & Arpels,,잠실에 벌써 꽃이 만개했다…반클리프 아펠이 만든 동화 정원 [더 하이엔드] - v.daum.net,https://news.google.com/rss/articles/CBMiVEFVX3lxTE9aMGVvLS1SQXhtdEJGeTB5Z0tycHEyS2dST29kRUxjbjE3STQ5QUpQTUZhZU9Cd01oYVJXcHNzWkt3RU1PY0dCbENpNFd3QXloR0tyWg?oc=5,Daum News,TGD,,
2026-04-01,2026-03-27,Van Cleef & Arpels,,잠실에 벌써 꽃이 만개했다…반클리프 아펠이 만든 동화 정원 [더 하이엔드] - v.daum.net,https://news.google.com/rss/articles/CBMiT0FVX3lxTE1ieHZDQndTV0hNcEpvWHpCNkliTUN0NkJHeVR0MWY0ME5jbUNYVzJqam1hWjBtcXJ5R3l6Z0hlWjBrTDVfRnB3Ti0tVVdNYUk?oc=5,Daum News,TGD,URL중복,
2026-04-01,2026-03-27,Van Cleef & Arpels,,잠실에 벌써 꽃이 만개했다…반클리프 아펠이 만든 동화 정원 [더 하이엔드] - v.daum.net,https://news.google.com/rss/articles/CBMiVEFVX3lxTE9aMGVvLS1SQXhtdEJGeTB5Z0tycHEyS2dST29kRUxjbjE3STQ5QUpQTUZhZU9Cd01oYVJXcHNzWkt3RU1PY0dCbENpNFd3QXloR0tyWg?oc=5,Daum News,TGD,URL중복,
2026-04-01,2026-03-27,Van Cleef & Arpels,,잠실에 벌써 꽃이 만개했다…반클리프 아펠이 만든 동화 정원 [더 하이엔드] - v.daum.net,https://news.google.com/rss/articles/CBMiVEFVX3lxTE9aMGVvLS1SQXhtdEJGeTB5Z0tycHEyS2dST29kRUxjbjE3STQ5QUpQTUZhZU9Cd01oYVJXcHNzWkt3RU1PY0dCbENpNFd3QXloR0tyWg?oc=5,Daum News,TGD,URL중복,
2026-04-01,2026-03-27,Van Cleef & Arpels,,잠실에 벌써 꽃이 만개했다…반클리프 아펠이 만든 동화 정원 [더 하이엔드] - v.daum.net,https://news.google.com/rss/articles/CBMiVEFVX3lxTE9aMGVvLS1SQXhtdEJGeTB5Z0tycHEyS2dST29kRUxjbjE3STQ5QUpQTUZhZU9Cd01oYVJXcHNzWkt3RU1PY0dCbENpNFd3QXloR0tyWg?oc=5,Daum News,TGD,,
2026-04-01,2026-03-27,Van Cleef & Arpels,,잠실에 벌써 꽃이 만개했다…반클리프 아펠이 만든 동화 정원 [더 하이엔드] - v.daum.net,https://news.google.com/rss/articles/CBMiT0FVX3lxTE1ieHZDQndTV0hNcEpvWHpCNkliTUN0NkJHeVR0MWY0ME5jbUNYVzJqam1hWjBtcXJ5R3l6Z0hlWjBrTDVfRnB3Ti0tVVdNYUk?oc=5,Daum News,TGD,URL중복,
2026-04-01,2026-03-27,Van Cleef & Arpels,,잠실에 벌써 꽃이 만개했다…반클리프 아펠이 만든 동화 정원 [더 하이엔드] - v.daum.net,https://news.google.com/rss/articles/CBMiS0FVX3lxTE1FUHJxa0Ezd1FmQmlrd0x2S2c2MXVKbVhpR0xiREZLNi0tMl9kYk1ELVFlay0xRXFZak83bTZlcG5OMnk4bnZnRHF1RQ?oc=5,Daum News,TGD,URL중복,
2026-04-01,2026-03-27,Van Cleef & Arpels,,잠실에 벌써 꽃이 만개했다…반클리프 아펠이 만든 동화 정원 [더 하이엔드] - v.daum.net,https://news.google.com/rss/articles/CBMiVEFVX3lxTE9aMGVvLS1SQXhtdEJGeTB5Z0tycHEyS2dST29kRUxjbjE3STQ5QUpQTUZhZU9Cd01oYVJXcHNzWkt3RU1PY0dCbENpNFd3QXloR0tyWg?oc=5,Daum News,TGD,URL중복,
2026-04-01,2026-03-27,Van Cleef & Arpels,,잠실에 벌써 꽃이 만개했다…반클리프 아펠이 만든 동화 정원 [더 하이엔드] - v.daum.net,https://news.google.com/rss/articles/CBMiVEFVX3lxTE9aMGVvLS1SQXhtdEJGeTB5Z0tycHEyS2dST29kRUxjbjE3STQ5QUpQTUZhZU9Cd01oYVJXcHNzWkt3RU1PY0dCbENpNFd3QXloR0tyWg?oc=5,Daum News,TGD,URL중복,
2026-04-01,2026-03-27,Van Cleef & Arpels,,잠실에 벌써 꽃이 만개했다…반클리프 아펠이 만든 동화 정원 [더 하이엔드] - v.daum.net,https://news.google.com/rss/articles/CBMiT0FVX3lxTE1ieHZDQndTV0hNcEpvWHpCNkliTUN0NkJHeVR0MWY0ME5jbUNYVzJqam1hWjBtcXJ5R3l6Z0hlWjBrTDVfRnB3Ti0tVVdNYUk?oc=5,Google News,TGD,,
2026-04-01,2026-03-27,Van Cleef & Arpels,,잠실에 벌써 꽃이 만개했다…반클리프 아펠이 만든 동화 정원 [더 하이엔드] - v.daum.net,https://news.google.com/rss/articles/CBMiRkFVX3lxTE00RVZ5dnB5d1NsR25tSTZYVnZMeERZbmJQSFJyTk9kbXpYQThnaVJlTkY5M1k2YXpzWU93dGxEWTBzdFZJOWc?oc=5,Google News,TGD,,
2026-04-01,2026-03-27,Van Cleef & Arpels,,잠실에 벌써 꽃이 만개했다…반클리프 아펠이 만든 동화 정원 [더 하이엔드] - v.daum.net,https://news.google.com/rss/articles/CBMiT0FVX3lxTE1ieHZDQndTV0hNcEpvWHpCNkliTUN0NkJHeVR0MWY0ME5jbUNYVzJqam1hWjBtcXJ5R3l6Z0hlWjBrTDVfRnB3Ti0tVVdNYUk?oc=5,Google News,TGD,URL중복,
2026-04-01,2026-03-27,Van Cleef & Arpels,,잠실에 벌써 꽃이 만개했다…반클리프 아펠이 만든 동화 정원 [더 하이엔드] - v.daum.net,https://news.google.com/rss/articles/CBMiRkFVX3lxTE00RVZ5dnB5d1NsR25tSTZYVnZMeERZbmJQSFJyTk9kbXpYQThnaVJlTkY5M1k2YXpzWU93dGxEWTBzdFZJOWc?oc=5,Google News,TGD,URL중복,
2026-04-01,2026-03-27,Van Cleef & Arpels,,잠실에 벌써 꽃이 만개했다…반클리프 아펠이 만든 동화 정원 [더 하이엔드] - v.daum.net,https://news.google.com/rss/articles/CBMiT0FVX3lxTE1ieHZDQndTV0hNcEpvWHpCNkliTUN0NkJHeVR0MWY0ME5jbUNYVzJqam1hWjBtcXJ5R3l6Z0hlWjBrTDVfRnB3Ti0tVVdNYUk?oc=5,Google News,TGD,URL중복,
2026-04-01,2026-03-27,Van Cleef & Arpels,,잠실에 벌써 꽃이 만개했다…반클리프 아펠이 만든 동화 정원 [더 하이엔드] - v.daum.net,https://news.google.com/rss/articles/CBMiT0FVX3lxTE1ieHZDQndTV0hNcEpvWHpCNkliTUN0NkJHeVR0MWY0ME5jbUNYVzJqam1hWjBtcXJ5R3l6Z0hlWjBrTDVfRnB3Ti0tVVdNYUk?oc=5,Google News,TGD,URL중복,
2026-04-01,2026-03-27,Van Cleef & Arpels,,잠실에 벌써 꽃이 만개했다…반클리프 아펠이 만든 동화 정원 [더 하이엔드] - v.daum.net,https://news.google.com/rss/articles/CBMiRkFVX3lxTE00RVZ5dnB5d1NsR25tSTZYVnZMeERZbmJQSFJyTk9kbXpYQThnaVJlTkY5M1k2YXpzWU93dGxEWTBzdFZJOWc?oc=5,Google News,TGD,URL중복,
2026-04-01,2026-03-27,Van Cleef & Arpels,,잠실에 벌써 꽃이 만개했다…반클리프 아펠이 만든 동화 정원 [더 하이엔드] - v.daum.net,https://news.google.com/rss/articles/CBMiRkFVX3lxTE00RVZ5dnB5d1NsR25tSTZYVnZMeERZbmJQSFJyTk9kbXpYQThnaVJlTkY5M1k2YXpzWU93dGxEWTBzdFZJOWc?oc=5,Google News,TGD,URL중복,
2026-04-01,2026-03-27,Van Cleef & Arpels,,잠실에 벌써 꽃이 만개했다…반클리프 아펠이 만든 동화 정원 [더 하이엔드] - v.daum.net,https://news.google.com/rss/articles/CBMiT0FVX3lxTE1ieHZDQndTV0hNcEpvWHpCNkliTUN0NkJHeVR0MWY0ME5jbUNYVzJqam1hWjBtcXJ5R3l6Z0hlWjBrTDVfRnB3Ti0tVVdNYUk?oc=5,Google News,TGD,,
2026-04-01,2026-03-27,Van Cleef & Arpels,,잠실에 벌써 꽃이 만개했다…반클리프 아펠이 만든 동화 정원 [더 하이엔드] - v.daum.net,https://news.google.com/rss/articles/CBMiS0FVX3lxTE1FUHJxa0Ezd1FmQmlrd0x2S2c2MXVKbVhpR0xiREZLNi0tMl9kYk1ELVFlay0xRXFZak83bTZlcG5OMnk4bnZnRHF1RQ?oc=5,Google News,TGD,,
2026-04-01,2026-03-27,Van Cleef & Arpels,,잠실에 벌써 꽃이 만개했다…반클리프 아펠이 만든 동화 정원 [더 하이엔드] - v.daum.net,https://news.google.com/rss/articles/CBMiRkFVX3lxTE00RVZ5dnB5d1NsR25tSTZYVnZMeERZbmJQSFJyTk9kbXpYQThnaVJlTkY5M1k2YXpzWU93dGxEWTBzdFZJOWc?oc=5,Google News,TGD,,
2026-04-01,2026-03-27,Van Cleef & Arpels,,잠실에 벌써 꽃이 만개했다…반클리프 아펠이 만든 동화 정원 [더 하이엔드] - v.daum.net,https://news.google.com/rss/articles/CBMiRkFVX3lxTE00RVZ5dnB5d1NsR25tSTZYVnZMeERZbmJQSFJyTk9kbXpYQThnaVJlTkY5M1k2YXpzWU93dGxEWTBzdFZJOWc?oc=5,Google News,TGD,URL중복,
2026-04-01,2026-03-27,Van Cleef & Arpels,,잠실에 벌써 꽃이 만개했다…반클리프 아펠이 만든 동화 정원 [더 하이엔드] - v.daum.net,https://news.google.com/rss/articles/CBMiT0FVX3lxTE1ieHZDQndTV0hNcEpvWHpCNkliTUN0NkJHeVR0MWY0ME5jbUNYVzJqam1hWjBtcXJ5R3l6Z0hlWjBrTDVfRnB3Ti0tVVdNYUk?oc=5,Google News,TGD,URL중복,
2026-04-01,2026-03-27,Van Cleef & Arpels,,잠실에 벌써 꽃이 만개했다…반클리프 아펠이 만든 동화 정원 [더 하이엔드] - v.daum.net,https://news.google.com/rss/articles/CBMiS0FVX3lxTE1FUHJxa0Ezd1FmQmlrd0x2S2c2MXVKbVhpR0xiREZLNi0tMl9kYk1ELVFlay0xRXFZak83bTZlcG5OMnk4bnZnRHF1RQ?oc=5,Google News,TGD,URL중복,
2026-04-01,2026-03-27,Van Cleef & Arpels,,잠실에 벌써 꽃이 만개했다…반클리프 아펠이 만든 동화 정원 [더 하이엔드] - v.daum.net,https://news.google.com/rss/articles/CBMiRkFVX3lxTE00RVZ5dnB5d1NsR25tSTZYVnZMeERZbmJQSFJyTk9kbXpYQThnaVJlTkY5M1k2YXpzWU93dGxEWTBzdFZJOWc?oc=5,Google News,TGD,URL중복,
2026-04-01,2026-03-27,Van Cleef & Arpels,,잠실에 벌써 꽃이 만개했다…반클리프 아펠이 만든 동화 정원 [더 하이엔드] - v.daum.net,https://news.google.com/rss/articles/CBMiRkFVX3lxTE00RVZ5dnB5d1NsR25tSTZYVnZMeERZbmJQSFJyTk9kbXpYQThnaVJlTkY5M1k2YXpzWU93dGxEWTBzdFZJOWc?oc=5,Google News,TGD,URL중복,
2026-04-01,2026-03-27,Van Cleef & Arpels,,잠실에 벌써 꽃이 만개했다…반클리프 아펠이 만든 동화 정원 [더 하이엔드] - 중앙일보,https://news.google.com/rss/articles/CBMiVkFVX3lxTE9ob2l6WkU1UnpUTmJYNWY4d19yRmVpQlhac3MtdE8xeWEtYXdlY2k2OVB6Skl1R3BtR2RpM3UxZTUzc19WbWo5T0tvUXF1WmtIWDZsM2N3?oc=5,Google News,TGD,,
2026-04-01,2026-03-27,Van Cleef & Arpels,,잠실에 벌써 꽃이 만개했다…반클리프 아펠이 만든 동화 정원 [더 하이엔드] - 중앙일보,https://news.google.com/rss/articles/CBMiVkFVX3lxTE9ob2l6WkU1UnpUTmJYNWY4d19yRmVpQlhac3MtdE8xeWEtYXdlY2k2OVB6Skl1R3BtR2RpM3UxZTUzc19WbWo5T0tvUXF1WmtIWDZsM2N3?oc=5,Google News,TGD,URL중복,
2026-04-01,2026-03-27,Van Cleef & Arpels,,질문)반클리프... - ◎ 회원장터 잡설방 - ●디젤매니아● 다음디매 중고장터 - Daum 카페,https://news.google.com/rss/articles/CBMijgFBVV95cUxObTFaYXNxZTBUa0k3ZDZGLWhiVUVSa282ZjU0LTJBdlU1VUh2NzJuUmhCMEczQzQtUG1JSlY2UENZODI3X1I3NmVnblppSHlRNDRqYVROYUpGREExUFFNdEhNTVlZWVVfMW1PWGtqWGE5MnZPZGNOMndaRkFfNi15a0t5VndVcE5uZjZfUkRB?oc=5,Daum News,TGD,,
2026-04-01,2026-03-27,Van Cleef & Arpels,,질문)반클리프... - ◎ 회원장터 잡설방 - ●디젤매니아● 다음디매 중고장터 - Daum 카페,https://news.google.com/rss/articles/CBMiuwJBVV95cUxNdy16SXdmbGJjODVJTFhRVjFFaEZlZmlzbVNfRm9VcWFZYU90R2lnZFhqemt2cUFvRnJNRTYwcTl3TTA0OFFWZTVaeUxRNUhnb1ZSanZxM2xkdnY5NXI0UGUxcWxoUEJfcG5MbE81aFluUmg2YndhLUpZS1JpeU42WHZuZ09zVkd4cHJ0Y3JNcTBDZkF1c1p0dUhLeDZiSi00Q3A3R0l5MGtZb0pXRTZRWEtkS0Z3X19fVUwzdGE0NmcyLWFDM3NYLXJZZ3ByTnBMaDNkNURBSkVGRldqV2xUX0kycGltcS0tcjhkRFkzTjd5SEx5LVpZN0dCaW5fdkNtZ01MMDFLd2VySDZ1N19SejlkSUxvMEhqMThnUVV2dTRGWWMwR0ZsUGVVNWhFWWFsU2NIa1Bzd2IyVUU?oc=5,Daum News,TGD,,
2026-04-01,2026-03-27,Van Cleef & Arpels,,질문)반클리프... - ◎ 회원장터 잡설방 - ●디젤매니아● 다음디매 중고장터 - Daum 카페,https://news.google.com/rss/articles/CBMijgFBVV95cUxObTFaYXNxZTBUa0k3ZDZGLWhiVUVSa282ZjU0LTJBdlU1VUh2NzJuUmhCMEczQzQtUG1JSlY2UENZODI3X1I3NmVnblppSHlRNDRqYVROYUpGREExUFFNdEhNTVlZWVVfMW1PWGtqWGE5MnZPZGNOMndaRkFfNi15a0t5VndVcE5uZjZfUkRB?oc=5,Daum News,TGD,,
2026-04-01,2026-03-27,Van Cleef & Arpels,,질문)반클리프... - ◎ 회원장터 잡설방 - ●디젤매니아● 다음디매 중고장터 - Daum 카페,https://news.google.com/rss/articles/CBMijgFBVV95cUxObTFaYXNxZTBUa0k3ZDZGLWhiVUVSa282ZjU0LTJBdlU1VUh2NzJuUmhCMEczQzQtUG1JSlY2UENZODI3X1I3NmVnblppSHlRNDRqYVROYUpGREExUFFNdEhNTVlZWVVfMW1PWGtqWGE5MnZPZGNOMndaRkFfNi15a0t5VndVcE5uZjZfUkRB?oc=5,Daum News,TGD,URL중복,
2026-04-01,2026-03-27,Van Cleef & Arpels,,향수 반클리프 좋나요 - ◎ 회원장터 잡설방 - ●디젤매니아● 다음디매 중고장터 - Daum 카페,https://news.google.com/rss/articles/CBMijgFBVV95cUxQS0dQOXJoU2ZMdGl4RXpEemdWdENaRVFrVmpHa3dhWmJiX3J6U0FfdTk0MTZEMHJocHNHWThEWU83d294eDZJcXFfZXE1NmxZQWlSYm03LW9CNFhQQXRlblZKaTBXT2FlNGlCcXJ2VTc2ejkzZm5qcGZWWWp2WGNNZTM0ZHhQNGRwaVdnVnln?oc=5,Daum News,TGD,,
2026-04-01,2026-03-27,Van Cleef & Arpels,,향수 반클리프 좋나요 - ◎ 회원장터 잡설방 - ●디젤매니아● 다음디매 중고장터 - Daum 카페,https://news.google.com/rss/articles/CBMiuwJBVV95cUxQRExjNDRhRVFBTWFxaFkzRFhWQUxKNUtMV2R6SG04dWozVi16OGtQZ2JtdXhjVTh3S0wtZVF6YkljeVdqcjFPMXI0Y0lYdjVmZEJiMm1NdTNmWkpndWI3bHBTUGZYOEV6YmhxUnBXc0QxVHVlVjZUbUd6U09tdldZbGlQR0dyckJXN2tDdUlEaVZpMmRXbTMtWE5USWItWnFNeU90QUpZRlpDTHhQaXpKZEJ5alBWRWgwNVg0US1ZeVJ3eUtXQ2RRSnJMdjhQeUNYWVlZYzlGa1RwNzR0RFRnS3E5LUFhRWVvNXlWQURESXYyT3BQejJHdWRVTERrS2d0a19XLUpvbDVzaU5GOENzRlVvSzZ1SlZYVjhoYkhGaFV5cGF1ZnN0YXZ5STNTRDVkUklwUUtWZHlQRjA?oc=5,Daum News,TGD,,
2026-04-01,2026-03-27,Van Cleef & Arpels,,향수 반클리프 좋나요 - ◎ 회원장터 잡설방 - ●디젤매니아● 다음디매 중고장터 - Daum 카페,https://news.google.com/rss/articles/CBMijgFBVV95cUxQS0dQOXJoU2ZMdGl4RXpEemdWdENaRVFrVmpHa3dhWmJiX3J6U0FfdTk0MTZEMHJocHNHWThEWU83d294eDZJcXFfZXE1NmxZQWlSYm03LW9CNFhQQXRlblZKaTBXT2FlNGlCcXJ2VTc2ejkzZm5qcGZWWWp2WGNNZTM0ZHhQNGRwaVdnVnln?oc=5,Daum News,TGD,,
2026-04-01,2026-03-27,Van Cleef & Arpels,,향수 반클리프 좋나요 - ◎ 회원장터 잡설방 - ●디젤매니아● 다음디매 중고장터 - Daum 카페,https://news.google.com/rss/articles/CBMijgFBVV95cUxQS0dQOXJoU2ZMdGl4RXpEemdWdENaRVFrVmpHa3dhWmJiX3J6U0FfdTk0MTZEMHJocHNHWThEWU83d294eDZJcXFfZXE1NmxZQWlSYm03LW9CNFhQQXRlblZKaTBXT2FlNGlCcXJ2VTc2ejkzZm5qcGZWWWp2WGNNZTM0ZHhQNGRwaVdnVnln?oc=5,Daum News,TGD,URL중복,