수집날짜,발행날짜,키워드매칭,기사제목,링크,출처,미디어타입,비고
2026-04-02,2026-04-02,FTA,"관세청, 대구 소재 베어링 수출기업 간담회··· 국산 둔갑 단속 강화",http://www.intn.co.kr/news/articleView.html?idxno=2049962,네이버 뉴스,Portal,
2026-04-02,2026-04-02,근로시간,[4월 2일 고용24 채용정보] 서울특별시·해운대구보건소·부산진구청·이...,https://www.news2day.co.kr/article/20260402500063,네이버 뉴스,Portal,
2026-04-02,2026-04-02,근로시간,"노무법인 에이치, 방송영상제작사협회 회원사 대상 인사·노무 강의 진...",https://www.donga.com/news/Society/article/all/20260402/133663798/1,네이버 뉴스,Portal,
2026-04-02,2026-04-02,근로시간,"산업의 심장 울산, 박물관에서 마주하는 시간의 결",http://www.ujeil.com/news/articleView.html?idxno=383610,네이버 뉴스,Portal,
2026-04-02,2026-04-02,근로시간,진천군 도시근로자 지원사업 순항,https://www.ccdn.co.kr/news/articleView.html?idxno=1071206,네이버 뉴스,Portal,
2026-04-02,2026-04-02,근로시간,"진천군, '도시근로자 지원사업' 안착... 목표치 90% 이상 달성",http://www.newstnt.com/news/articleView.html?idxno=603191,네이버 뉴스,Portal,
2026-04-02,2026-04-02,근로시간,"진천군, '충북형 도시근로자 지원사업' 순항",http://www.enewstoday.co.kr/news/articleView.html?idxno=2414530,네이버 뉴스,Portal,
2026-04-02,2026-04-02,근로시간,"진천군, '충북형 도시근로자 지원사업' 순항… 목표 달성 눈앞",https://www.ccdailynews.com/news/articleView.html?idxno=2407613,네이버 뉴스,Portal,
2026-04-02,2026-04-02,근로시간,"진천군, 충북형 도시근로자 지원사업 높은 참여율 기록",https://www.ccreview.co.kr/news/articleView.html?idxno=345698,네이버 뉴스,Portal,
2026-04-02,2026-04-02,근로시간,"진천군, 충북형 도시근로자 지원사업 순항",http://www.dynews.co.kr/news/articleView.html?idxno=845055,네이버 뉴스,Portal,
2026-04-02,2026-04-02,근로시간,"진천군, 충북형 도시근로자 지원사업 순항",https://www.ggilbo.com/news/articleView.html?idxno=1150392,네이버 뉴스,Portal,
2026-04-02,2026-04-02,근로시간,"진천군, 충북형 도시근로자 지원사업 순항",http://www.cctimes.kr/news/articleView.html?idxno=899784,네이버 뉴스,Portal,
2026-04-02,2026-04-02,근로시간,"진천군, 충북형 도시근로자 지원사업 순항",https://www.newspim.com/news/view/20260402000188,네이버 뉴스,Portal,
2026-04-02,2026-04-02,근로시간,"진천군, 충북형 도시근로자 지원사업 순항",https://www.joongdo.co.kr/web/view.php?key=20260402010000455,네이버 뉴스,Portal,
2026-04-02,2026-04-02,근로시간,"진천군, 충북형 도시근로자 지원사업 안정적 운영...참여율 92% 달성",http://www.breaknews.com/1197337,네이버 뉴스,Portal,
2026-04-02,2026-04-02,근로시간,"진천군, 충북형 도시근로자 지원사업 참여율 '눈에 띄네'",https://www.news1.kr/local/sejong-chungbuk/6122535,네이버 뉴스,Portal,
2026-04-02,2026-04-02,산업용 전기요금,"[사설]울산 기회발전특구 성패, '규제 혁파' 속도에 달렸다",https://www.ksilbo.co.kr/news/articleView.html?idxno=1052930,네이버 뉴스,Portal,
2026-04-02,2026-04-02,유가,"이란 전쟁에 ""유가 상승폭 예측 불가"" 싱크탱크 분석, 글로벌 경기침체 경고 - businesspost.co.kr",https://news.google.com/rss/articles/CBMic0FVX3lxTFBMekY2YWxlc0NsRm1ZTzlLTWtCS0pWSmJ1ZS13RkdHcVAyc1d4S2dmY1pSUGQzM2V3NURjN09nN214eUJPQl9HNEVENHFWU29sYzM4cmtudHVJemZTVmV6VVBiVVBVSmhOUllSNkE5dVlmWU0?oc=5,businesspost.co.kr,Portal,
2026-04-02,2026-04-02,유가,기름값 폭등에 3월 울산 소비자 물가 2.5%↑,http://www.ujeil.com/news/articleView.html?idxno=383604,네이버 뉴스,Portal,
2026-04-02,2026-04-02,유가,울산시 '중동 리스크 장기화' 민생·유가·물가안정 전방위 대응,https://www.ulsanpress.net/news/articleView.html?idxno=572413,네이버 뉴스,Portal,
2026-04-02,2026-04-02,유가,"울산해경, 경비함정 운영체계 손질…고유가 유류 절감 대책 총력전",https://www.ulsanpress.net/news/articleView.html?idxno=572373,네이버 뉴스,Portal,
2026-04-02,2026-04-02,유가,"울산해경, 에너지 위기에 함정 유류절감 총력",https://www.ksilbo.co.kr/news/articleView.html?idxno=1053002,네이버 뉴스,Portal,
2026-04-02,2026-04-02,유가,"울진군, 중동발 경제위기에 민생 방어",https://www.ksmnews.co.kr/news/view.php?idx=598389,네이버 뉴스,Portal,
2026-04-02,2026-04-02,유가,"유가네 닭갈비 울산강동산하점, 볶음밥 도시락 10개 기부",https://www.ulsanpress.net/news/articleView.html?idxno=572402,네이버 뉴스,Portal,
2026-04-02,2026-04-02,유가,천미경 울산시의원 종량제 봉투 '가짜 품귀' 선제적 강력 대응을,http://www.ujeil.com/news/articleView.html?idxno=383639,네이버 뉴스,Portal,
2026-04-02,2026-04-02,유가,金총리 “유가 폭등설 등 가짜뉴스 신속 조치하라” 지시 - 서울경제,https://news.google.com/rss/articles/CBMiUkFVX3lxTE9SYnI3d0ZIOFJtZS1BSVhVbXJxbWNRRTRQb2JxbE1tZnlPaVFROXJXN2l0NTR6T2FER25jSXFuVEdTRVhjWkVKV0wtc2FyVEs2OEHSAVNBVV95cUxPMlFwNGVGemtxXzEyZEhLbndhLXhvbGFvZkJzdFBYeDJWc01jUGN1V0ZxWVVtNnRXRmlIRGxnSUhNQjRKZFdfVE5VenpQdkROYW4xcw?oc=5,서울경제,Portal,
2026-04-02,2026-04-02,유가,"“국제유가, 전쟁 전으로 못 돌아간다”…최악 땐 174달러 - 서울신문",https://news.google.com/rss/articles/CBMib0FVX3lxTE5oREhSOVNnUnpvNGxtd2hyeWpqdEdkNFRxdnlzOWdXa01EZWNlUDNQa1lmMG9nZ21mTnNVQjd6RktHdFI5cERHSkZnSERMZHdQa0JMMWhyMmZoN3VKdG5VQldWZkZNWkgtMnRGcEpncw?oc=5,서울신문,Portal,
2026-04-02,2026-04-02,유가,"""국제유가, 조기 종전해도 이전 수준 회복 어렵다"" - 서울와이어",https://news.google.com/rss/articles/CBMibEFVX3lxTFAydVh3OWpuQ2pZaGhHcmtFdjJveC0wc2hYelllcXdhRHVxTFJUTkVETlJkdjlHMXk1cmk5UjVoVmZ3ZnNGdHVTOEJvV1RCWlAxWE5Xa1U3eW83Q2VLcllZYWhtRkYxZWZadHNsUg?oc=5,서울와이어,Portal,
2026-04-02,2026-04-02,유가,국제유가·노란봉투법' 이중 압박… 택배업계 위기감 고조 - 서울와이어,https://news.google.com/rss/articles/CBMibEFVX3lxTE9HSmtIM2pHWjRpVzhGWDdVN2tzM2Z4d3RnN2J0UEVtakNnT3YyVUV2RktPcGkwWDRDQjM3aUp6YUo1V0tyNjNFcDVzSEdWRnpHLXJaaEY2di1HajFBMGFfemlsal9vUDBLQzhJbw?oc=5,서울와이어,Portal,
2026-04-02,2026-04-02,유가,"월가 거물 켄 피셔, 유가 등 에너지 쇼크 속 증시 낙관론 펴 왜? - 서울와이어",https://news.google.com/rss/articles/CBMibEFVX3lxTFBybjZwYWJCak5RVEVJWkZnd1UyRWppeS1VRVppR2Y1T0hOR29SazgzMG10YVFLTXM4OWhEdDdUa2VLNHRIWU9BcDh2UUI2bVlRX1pjZ0xaNzBKdW9zZXlTX1JHeDJRU2RvejJTbA?oc=5,서울와이어,Portal,
2026-04-02,2026-04-02,최저임금,‘서울영커리언스 인턴십’ 대학생 학업·실무 병행 모델 안착,https://www.mk.co.kr/article/12004724,네이버 뉴스,Portal,
2026-04-02,2026-04-02,최저임금,시즌마다 전국으로 나가는 농산물 박스 전문기업 - 세영패키지 곽일남 ...,https://www.handmk.com/news/articleView.html?idxno=36872,네이버 뉴스,Portal,
2026-04-02,2026-04-02,최저임금,울산 노동·문화단체 김종훈 울산시장 후보 지지,https://www.iusm.co.kr/news/articleView.html?idxno=1061285,네이버 뉴스,Portal,
2026-04-02,2026-04-02,프리뷰,"[2일 프리뷰] KT, 한화전 싹쓸이하고 개막 5연승 질주할까 - osen.co.kr",https://news.google.com/rss/articles/CBMiU0FVX3lxTE4wMzVBTk1IZC03NWZhWF9jOGNsMDFvVnpNT254ejAtLU0xbHJOSFRiRjhyOGp2NXp5QkJvUDdyX0xzSS1sd1A2MkRLbmw3Ukd2aERn?oc=5,osen.co.kr,Portal,
2026-04-02,2026-04-02,프리뷰,"[2일 프리뷰] ‘6주 대체’ NC 버하겐 첫 등판, 낙동강더비 스윕 도전 - osen.co.kr",https://news.google.com/rss/articles/CBMiU0FVX3lxTE1QcHRaZFowbk9aVzF3REM5WUY4d1NSSmRReXhIaXlRSE9EUnAxN2l1QlNDalBaYmwwenRySEFaeFYxSDQyUXo5YmJqa2I4em9MbHpV?oc=5,osen.co.kr,Portal,
2026-04-02,2026-04-02,프리뷰,"[2일 프리뷰] 아쿼 웰스-2년차 김태형, 누가 위닝 이끌까 - osen.co.kr",https://news.google.com/rss/articles/CBMiU0FVX3lxTFB6QldmSkdOY2ozRDVPOUNQUUhxVXhtNFJRcXF2a3B4T0dpcXZFN2s2c1lhcEtpUEN6eGRteFR3N1ZkSVl1WEw2LW5oa3BKYXhYVUhj?oc=5,osen.co.kr,Portal,
2026-04-02,2026-04-02,프리뷰,"[2일 프리뷰] 최민준 vs 정현우, 5선발 맞대결…위닝시리즈 주인공은? - osen.co.kr",https://news.google.com/rss/articles/CBMiU0FVX3lxTE9FX3M2VkFDcUlqSGx1X1UzWTJEcThtRXFnSjNXeHZzY2lUSDI0R3l3a0podXJvTUxPdDNQNS16TUNKbGdMUlI1QjNIMnM3elJoa3F3?oc=5,osen.co.kr,Portal,
2026-04-02,2026-04-02,프리뷰,"파죽지세' 이정효의 수원, 충북청주 상대로 6연승 도전...K리그2 6라운드 프리뷰 - v.daum.net",https://news.google.com/rss/articles/CBMiT0FVX3lxTE9TdXZDMmlhdTZXZnNSbWd1SDZGanJyZmdnb05fdk9tc1NrcDY0THRKcGlWYnlIU2ZjeTNjZFZ1X3B5VTRwcGpBVTl2eXB2Ulk?oc=5,v.daum.net,Portal,
2026-04-02,2026-04-02,프리뷰,2년 연속 대한항공과 챔프전에서 만난 현대캐피탈 ‘명장’ 블랑의 디스? “외국인 교체가 잦은 대한항공의 배구는 ‘화수분 배구’ 같아” [인천 CH 1차전 프리뷰] - v.daum.net,https://news.google.com/rss/articles/CBMiRkFVX3lxTE94ZGdwOTVKWm5yUl9RRnZ0cVVucEcyYzlBOVg4dGN1X0hhN0VnNHdlaE1fb0llVGd0Q240aEg5SjFFaHVyNkE?oc=5,v.daum.net,Portal,
2026-04-02,2026-04-02,프리뷰,"[BK 프리뷰] ‘홈 최종전’ 한국가스공사, 천적 소노 넘고 유종의 미 거둘까? - v.daum.net",https://news.google.com/rss/articles/CBMiRkFVX3lxTE5mTXhIaFZ5UkNGQ1dMUzFRZFM0ZEtwaGhJZ2hWUnpqaHV5NmQyR0lTd2UtY05KM0VFOU1UUlN1WGFUcVFWVEE?oc=5,v.daum.net,Portal,
2026-04-02,2026-04-02,프리뷰,[H리그 프리뷰] 4위 쟁탈전부터 미리 보는 챔프전까지… 삼척을 달굴 남자부 3연전 - v.daum.net,https://news.google.com/rss/articles/CBMiRkFVX3lxTE9aMGdNNHZqVVljNXEzOE5MQnpiXzM3N1lpRHRQa2hla1FyU0REd01xTEQ5R293ZjZtR2wwenN0YVV0SDBwVHc?oc=5,v.daum.net,Portal,
2026-04-02,2026-04-02,프리뷰,[JB프리뷰] ‘10연승 끊긴 후 첫 경기’ 소노는 창단 첫 특정 팀 전승을 만들 수 있을까? - v.daum.net,https://news.google.com/rss/articles/CBMiRkFVX3lxTFBwU3N5MmNZR0FJQnJ2aHhHMmJoaThuZWVHTUFwcTRQazZGTDY3VGNwT25hbWQ0VFd3Nm94Vk96LUZVTDhObmc?oc=5,v.daum.net,Portal,
2026-04-02,2026-04-02,프리뷰,[JB프리뷰] ‘10연승 끊긴 후 첫 경기’ 소노는 창단 첫 특정 팀 전승을 만들 수 있을까? - v.daum.net,https://news.google.com/rss/articles/CBMiT0FVX3lxTE5HUC1ZRlk0em9Cd24zU1JOQmkwQUtESy1uS25CSDhIV3VYMGUzX0pvaTJ6cjFlTm5WTHFNTTFCbEN5Q2k3ZWMtTml6WGJzelU?oc=5,v.daum.net,Portal,
2026-04-02,2026-04-02,프리뷰,"[STN@프리뷰] 대한항공 vs 현대캐피탈, 그 어느 때보다 뜨거운 맞대결 - v.daum.net",https://news.google.com/rss/articles/CBMiRkFVX3lxTE5nSk1rVzU4bHpnUTh6d0lLUlJrd2ZVR2JkNzNLbnplMjNVMGhDZ2hwdTNXUGh5czlfZWc3RzdlMmQxcXRrYnc?oc=5,v.daum.net,Portal,
2026-04-02,2026-04-02,프리뷰,"[STN@프리뷰] 왕좌 탈환의 해결사 될까...마쏘, 챔프전서 운명의 데뷔전 - v.daum.net",https://news.google.com/rss/articles/CBMiRkFVX3lxTE5HMUxaMnNMUzFfaFlmRlhfOFFrWG1yWHJMR1NkTW95NFZQQjc2dkNEc2xyVGR2TURuSmhRTS1ZVTRIdTI2Wmc?oc=5,v.daum.net,Portal,
2026-04-02,2026-04-02,프리뷰,"대한항공 ‘브라질 명장’ 헤난 “마쏘는 미들 블로커로 쓴다… 정규리그 1,2위팀이 챔프전하는 게 정당해” [인천 CH 1차전 프리뷰] - v.daum.net",https://news.google.com/rss/articles/CBMiT0FVX3lxTE1IWm5MNTFxeFFfbU5Ndk1xTWU2M3FWUUN6bjZxZXNTYjNZMUpZblRKSXN4aXJjcDdFcmNDLThnQVRpa2F1UXNDX0J6cm9TZTA?oc=5,v.daum.net,Portal,
2026-04-02,2026-04-02,프리뷰,라이벌 매치 한가득! 안양VS서울부터 '현대가 더비'까지...K리그1 6라운드 프리뷰 - v.daum.net,https://news.google.com/rss/articles/CBMiT0FVX3lxTE5yNVBWaEVwQWFYZFJSNlY0NHZLZWNNeFZDYTY2ZmdFb19UZkdhT25yOVNnX0t3OGFMR0Z4RFFmSjM4TTJqYllybXA0SUdtVWc?oc=5,v.daum.net,Portal,
2026-04-02,2026-04-02,프리뷰,"[BK 프리뷰] ‘홈 최종전’ 한국가스공사, 천적 소노 넘고 유종의 미 거...",https://basketkorea.com/news/newsview.php?ncode=1065581960615920,네이버 뉴스,Portal,
2026-04-02,2026-04-02,프리뷰,[H리그 프리뷰] 4위 쟁탈전부터 미리 보는 챔프전까지… 삼척을 달굴 남...,https://www.mk.co.kr/article/12006098,네이버 뉴스,Portal,
2026-04-02,2026-04-02,프리뷰,[JB프리뷰] ‘10연승 끊긴 후 첫 경기’ 소노는 창단 첫 특정 팀 전승을...,https://m.sports.naver.com/basketball/article/065/0000295553,네이버 뉴스,Portal,
2026-04-02,2026-04-02,프리뷰,"[STN@프리뷰] 대한항공 vs 현대캐피탈, 그 어느 때보다 뜨거운 맞대결",https://www.stnsports.co.kr/news/articleView.html?idxno=314901,네이버 뉴스,Portal,
2026-04-02,2026-04-02,프리뷰,"[STN@프리뷰] 왕좌 탈환의 해결사 될까...마쏘, 챔프전서 운명의 데뷔전",https://www.stnsports.co.kr/news/articleView.html?idxno=314897,네이버 뉴스,Portal,
2026-04-02,2026-04-02,프리뷰,[서울옥션 스페셜리스트의 눈] 마켓 클러스터의 귀환,https://weekly.cnbnews.com/news/article.html?no=210811,네이버 뉴스,Portal,
2026-04-02,2026-04-02,프리뷰,"Xbox Game Pass, 3종의 신규 게임 추가된다",https://www.inven.co.kr/webzine/news/?news=314966,네이버 뉴스,Portal,
2026-04-02,2026-04-02,프리뷰,"〈빌리 엘리어트〉 스티븐 달드리 첫 내한, 프리뷰 무대 인사",http://www.sctoday.co.kr/news/articleView.html?idxno=47494,네이버 뉴스,Portal,
2026-04-02,2026-04-02,프리뷰,"대학로 연극 ‘비누향기’, 8차 캐스팅 공개…4월 4일 새 시즌 개막",https://www.gosiweek.com/article/1065601572285214,네이버 뉴스,Portal,
2026-04-02,2026-04-02,프리뷰,라이벌 매치 한가득! 안양VS서울부터 '현대가 더비'까지...K리그1 6라운드...,https://www.fourfourtwo.co.kr/news/articleView.html?idxno=89892,네이버 뉴스,Portal,
2026-04-02,2026-04-02,프리뷰,"뮤지컬 '빌리 엘리어트' 스티븐 달드리, 내한 확정.. 4월 12일 프리뷰 첫...",https://www.stardailynews.co.kr/news/articleView.html?idxno=530119,네이버 뉴스,Portal,
2026-04-02,2026-04-02,프리뷰,"개막 5연승' 수원 삼성, 선두 굳히기 나선다 [K리그2 프리뷰] - 네이트",https://news.google.com/rss/articles/CBMiU0FVX3lxTFBJTzE4X2wyVGswVWNvcWJpWTR4NjZySWpKS1ZHZmVGZUUwNHVYZmxBZ19STTdITlc0NW5RSHBCRlF3U2JtaTdzNjNPcUppbnZKd01r?oc=5,네이트,Portal,
2026-04-02,2026-04-02,프리뷰,[H리그 프리뷰] 4위 쟁탈전부터 미리 보는 챔프전까지… 삼척을 달굴 남자부 3연전 - 매일경제,https://news.google.com/rss/articles/CBMiU0FVX3lxTE5WY3c0YWJrWWVVVW9pZXR5dDNEWlNpdFU5X0MybkppSEM0Z3g5NjFGUWxiSjZZS3ZzTG5PNnZ2UFFKbXVsNUJ4YzlwNFZlbDJNMlEw?oc=5,매일경제,Portal,
2026-04-02,2026-04-02,프리뷰,"[BK 프리뷰] ‘홈 최종전’ 한국가스공사, 천적 소노 넘고 유종의 미 거둘까? - 바스켓코리아",https://news.google.com/rss/articles/CBMid0FVX3lxTE5YNG5URG9iZFZ2d2owNnNUd1RpbWIzRFljdzJ5aGdydDJjdFVGLXU5eTZqVW5seTRFa0Q5ak0tcTJHbGNCT21wdDVtMnlvc00tMmZIdWVjR3FPamkwWjVsa18tX2JiWjVTS3QwZ1JvcUJsN2hpZWlv?oc=5,바스켓코리아,Portal,
2026-04-02,2026-04-02,프리뷰,[프리뷰] 위닝 시리즈를 향한 종착역 - 브런치,https://news.google.com/rss/articles/CBMiU0FVX3lxTE1PU3FPTi1MZlB2OUNiZ2lRcUs0S0ZPdlF4dFR4cWYyc19Ua0EzRjFYV1pFVnFVQm1Nb1NBWTNhR0pSSHJoVGtWakFPRGpvd0szaE9Z?oc=5,브런치,Portal,
2026-04-02,2026-04-02,프리뷰,"〈빌리 엘리어트〉 스티븐 달드리 첫 내한, 프리뷰 무대 인사 - 서울문화투데이",https://news.google.com/rss/articles/CBMiakFVX3lxTE1xT3J3RDc0STV0UnVoN1JYVjZpeUhLQzNyLW9idERnelU3WHFVbVFkTWt1MmtaUnMzdWdHX2ZWR3VjWnN6X1liTVBra3o2MVhOM0h0MVhTb2hpdmZsR0dTSWszVGNPWDNlMWc?oc=5,서울문화투데이,Portal,
2026-04-02,2026-04-02,프리뷰,"“브람스·라흐마니노프 한 무대”…창원시향, 교향악축제 프리뷰 개최 - 코리아이글뉴스",https://news.google.com/rss/articles/CBMickFVX3lxTE1qWklTMUxLczBmeHEtY183SXNHal9kaXhxZG5pRGQwWldaYlZramhTeEdzWC13S2FYaHVkczZnZnVXalV0MkNmajZobG4zRGZ1amJLTkh3Wm9MMG1aczZTRlY5a1VfeGlSSk0wNUJKZkdadw?oc=5,코리아이글뉴스,Portal,
2026-04-02,2026-04-02,환율,"중동 사태 장기화 우려…울산, 전방위 대응 나서",https://www.iusm.co.kr/news/articleView.html?idxno=1061297,네이버 뉴스,Portal,
2026-04-02,2026-04-02,환율,김용범 “韓증시 복원력 확인…환율 점진적 회귀 여지 충분” - 서울경제,https://news.google.com/rss/articles/CBMiUkFVX3lxTFBORTVwUFpmdGVJSVZnRjRjZlhpdkl0NExyeVZXdy1NOUV6MlNKLXJCYTg4T1pCV3VLbFlwZF9hVGNCTUM1SFVISnNIOWlNMDhWOVHSAVNBVV95cUxPSks4dlFQajVBa2NXTF9Uc0pYRk1KeDNVbm5ybkUzdFBoZXVsQ0luemdPbDVUYV9RSnJfaTlOMV9iR2hBcjhEN2p3WUlXYUtVdUVlbw?oc=5,서울경제,Portal,
2026-04-02,2026-04-02,환율,"무너진 종전 기대감… 환율 1520원 재돌파, 삼전·하닉 4%대 급락 - 서울신문",https://news.google.com/rss/articles/CBMib0FVX3lxTE5PdjBsUktsbk9SZnNFWUJvMjFfOGlseHUwT3BqZ0xXbTM5Z3hUekNfcTRMQjQ1eXhLZVF5QXF3akJZNTJsTGd5R3d1Sm04QnBLUFlad0ZPMy1XMkdqVm5GSGJPSV85eVgzcEVOeEItMA?oc=5,서울신문,Portal,
2026-04-02,2026-04-02,환율,"""종전 기대 과했나""···원·달러 환율, 10.9원 오른 1512.2원 출발 - 서울파이낸스",https://news.google.com/rss/articles/CBMiakFVX3lxTE5uTEhJTHZyTVIzbDhBRjJSMW83VW1QUk9GUkhQN2dwOUtRSWU2MG9zOGxPMUtDV1VnTTdEMS04THRQcnFrNUxFUTRyU24xSWxxTlpPOFZIN0x6TUdNQVJsMUxLQ2I2aXBqOUE?oc=5,서울파이낸스,Portal,
2026-04-02,2026-04-02,환율,"[초점] 원·달러 환율 저항선 1500원 '훌쩍'···'나홀로' 약세, 끝은? - 서울파이낸스",https://news.google.com/rss/articles/CBMiakFVX3lxTFBad2dWT1E4OVg5ZTVxZWh3YXB0TklhaWw1YU9JcldzVWZkQ0stWGFKUXI0SDlrTDZvVHdkTmlWc29aSlRja19BdEc4UjFldi1vVnAyZTlIWThhWm00T0cwbFZxODVzVFpaWnc?oc=5,서울파이낸스,Portal,
2026-04-02,2026-04-02,환율,"트럼프 엄포에 종전 기대 '뚝'···원·달러 환율, 1520원 재돌파 - 서울파이낸스",https://news.google.com/rss/articles/CBMiakFVX3lxTE9EaG05cHdGMEczV202WTNMeFY0NnM5Mjd0Y3lMSHBuSHZNU0RITERnSTZVbGpZWmJtSXNvX2l0NTRHWFp4cjdybXhidVEzZDE4V2xVclhXOC1wSkxIZ0FLWjk4ek1MNUx0MUE?oc=5,서울파이낸스,Portal,
2026-04-02,2026-04-01,FTA,"무역협회, 울산 수출기업 통상애로 해소 박차",http://www.ujeil.com/news/articleView.html?idxno=383525,네이버 뉴스,Portal,
2026-04-02,2026-04-01,FTA,"울산무역협회, 중동사태 기업 애로해소 지원",http://web.ubc.co.kr/wp/archives/126706,네이버 뉴스,Portal,
2026-04-02,2026-04-01,SPA,"트럼프 시대 한복판, 뉴욕·시애틀은 정반대로 갔다…한국은? - v.daum.net",https://news.google.com/rss/articles/CBMiT0FVX3lxTFBoemZqNnAyeENIUm9HVUdzN2tpWkZtUFdGRGdHZnprOHQ4ZHZMOG5mVXVPbi0yLTA0eUV0ZHhaM2hoNUo5ci02R1ViQlFaRmM?oc=5,v.daum.net,Portal,
2026-04-02,2026-04-01,SPA,"[N2 뷰] 무신사, 지난해 사상 최대 실적…오프라인·글로벌 확장으로 IP...",https://www.news2day.co.kr/article/20260331500213,네이버 뉴스,Portal,
2026-04-02,2026-04-01,SPA,"‘마뗑킴’ 키운 하고하우스, 올해 ‘맨즈 패션’ 정조준",https://www.ekn.kr/web/view.php?key=20260401022242776,네이버 뉴스,Portal,
2026-04-02,2026-04-01,SPA,"마세라티코리아, 현대백화점 판교점서 팝업스토어 진행",http://www.paxetv.com/news/articleView.html?idxno=267954,네이버 뉴스,Portal,
2026-04-02,2026-04-01,SPA,"무신사스탠다드 수익 기여도 커진다, 조만호 '자체브랜드 기업' 체질 강...",https://www.businesspost.co.kr/BP?command=article_view&num=434700,네이버 뉴스,Portal,
2026-04-02,2026-04-01,SPA,"트럼프 시대 한복판, 뉴욕·시애틀은 정반대로 갔다…한국은?",https://www.pressian.com/pages/articles/2026033113012282004?utm_source=naver&utm_medium=search,네이버 뉴스,Portal,
2026-04-02,2026-04-01,산업용 전기요금,"남는 발전소를 위한 AI는 없다… 울산AWS 데이터센터, 사업성 떨어져",https://www.fortunekorea.co.kr/news/articleView.html?idxno=52016,네이버 뉴스,Portal,
2026-04-02,2026-04-01,섬유전시회,"삼양사, 알룰로스로 '승부수'…스페셜티 소재 사업 확대",http://www.hansbiz.co.kr/news/articleView.html?idxno=829208,네이버 뉴스,Portal,
2026-04-02,2026-04-01,섬유전시회,"PSID 2026, 한·중 섬유·패션 협력 신호탄 - 한국섬유신문",https://news.google.com/rss/articles/CBMiY0FVX3lxTE9vTVc2QzRKaEdPam4wenZxZkV0Z3FSMVlPcnkzUzU1SWFGS2tFY21oU3FNcjBUZ3lIYkY0OUZ1eXozMTh6S2piRmhjWmpBdWN2Nmt5Y2xNVnRzT1BzanphbFVRSQ?oc=5,한국섬유신문,Portal,
2026-04-02,2026-04-01,성장률,쿠팡 입점 소상공인 30만명…거래액 성장률 20%↑ - 서울경제TV,https://news.google.com/rss/articles/CBMiZEFVX3lxTE41SlkyUXptNmJjUUJOdXdkWmJMWWt3T0VKWE41WnVGZzItaE5HT25kdElkd2xnXzBkWk1iTy1aM2s2SmV3dDlwTlN5WnhuTUN0RDZXNGVnMmRqMHZoMHBYTVRQbmE?oc=5,서울경제TV,Portal,
2026-04-02,2026-04-01,유가,"국제유가 하락, 중동지역 정세 안정 기대감 커진 영향 - businesspost.co.kr",https://news.google.com/rss/articles/CBMic0FVX3lxTE5IUDh2d2s1MFcyZ05XdTdyQ0VTT2dHNlVEV0FPTEU5TmpFSnFnWFBjeUtMNzlweThEeG56cU5RdnpJWjVXMWlqbm9MN3dnTkZ6Ry1yQkItS0dLbWQ1dW5fb2ZMVmVWczVNU0pGaWVqVklxS1U?oc=5,businesspost.co.kr,Portal,
2026-04-02,2026-04-01,최저임금,복지TV뉴스24_ 장애인 최저임금 적용제외 폐지 촉구…“장애 이유로 임금 차별 안 돼” - 복지TV부울경방송,https://news.google.com/rss/articles/CBMiaEFVX3lxTE9JVHJiR1FGR1B4NkJNLTZuNjJSSDNOZk1CNlRnUXhnVFhVTHlhRGM3dGhyVWltTVhvMmNRS2ozeHFqcG9ISWZuX3lpNkZpRXRDX09IeUYzb2tsLXhkOHhQS2JySmtReFNI?oc=5,복지TV부울경방송,Portal,
2026-04-02,2026-04-01,패션전시회,"英, 패션 소싱 박람회 SVP 4월 개막…소싱·AI 트렌드 집중 논의 - itnk.co.kr",https://news.google.com/rss/articles/CBMiZ0FVX3lxTE9BbTNld0RiNnRoaDdCUU0xTGFXRXlTazI1OFBVdXI4d2F2WHBPanNzU0oxWEhiVzVsUnJYb2d2UXJCYkl4S1NETGo1WDR2TEtlYkNZQ1hJRHktYmlLVDdpNWIza01ZOG8?oc=5,itnk.co.kr,Portal,
2026-04-02,2026-04-01,패션전시회,[Review] 와라! 하위문화의 반란 - 울트라백화점 Vol.2: 포스트 서브컬쳐,https://www.artinsight.co.kr/news/view.php?no=80333,네이버 뉴스,Portal,
2026-04-02,2026-04-01,프리뷰,"[1일 프리뷰] '류현진 출격' 한화, KT 개막 4연승 저지할까 - osen.co.kr",https://news.google.com/rss/articles/CBMiU0FVX3lxTE51RTFlZVRrdk9KN2tqS1hESGdDMjZOUHFrT1pId2J5UTg4MmJ5Rnpiek5WcmZPTkUxUW9BOHIzeUVkS3doaEZqbTh1VVRkX0hTOEk4?oc=5,osen.co.kr,Portal,
2026-04-02,2026-04-01,프리뷰,"[1일 프리뷰] 송승기, LG의 개막 3연패 끊을까 - osen.co.kr",https://news.google.com/rss/articles/CBMiU0FVX3lxTE4zMC1JUlFEcDZNRFdxRU5CUnYzNmd5alZkakY1YXNOdTM3RVktNkRRYnMyWDlBc0lEa0pxX09wVzdMLXUzblNmOHlKV25GN3dOdk4w?oc=5,osen.co.kr,Portal,
2026-04-02,2026-04-01,프리뷰,"[BK 프리뷰] PO 마지노선에 선 KCC, 2위 싸움 지속해야 하는 SK - v.daum.net",https://news.google.com/rss/articles/CBMiT0FVX3lxTE9QdWgyOF9aYmZFTjhfQTlETzEzWlV3eXhGSVc4aFI1WmwwU0g1WWNVRWlpSVRsTmRsajhoWVhXRk5LVHN3QlctT2I3eTVodUU?oc=5,v.daum.net,Portal,
2026-04-02,2026-04-01,프리뷰,"[JB프리뷰] 허웅의 51점 그 후 58일, SK는 KCC에 설욕할 수 있을까? - v.daum.net",https://news.google.com/rss/articles/CBMiRkFVX3lxTE0zUWJVRFN5OXpSdDFTaUJEMFdlNDZnSElRVkN1NUxrWE9aMk9MNXpCb3pKSk9RTlEyYzlhN2FEMmhHUVJwVWc?oc=5,v.daum.net,Portal,
2026-04-02,2026-04-01,프리뷰,"[JB프리뷰] 허웅의 51점 그 후 58일, SK는 KCC에 설욕할 수 있을까? - v.daum.net",https://news.google.com/rss/articles/CBMiT0FVX3lxTFBBamM1eXB2NUtFWklLeDNBZmthY21GMlZHekRkLXFfUlhreWR3Qk0xckwxY3hHSzhGLXRNNmpualk2QlZlMWhDZTcyZkI1dmM?oc=5,v.daum.net,Portal,
2026-04-02,2026-04-01,프리뷰,김종민 감독의 자리를 대신하게 된 도로공사 김영래 감독대행 “6kg나 빠졌다. 선수들을 믿겠다. 내가 제일 걱정일 뿐” [김천 CH 1차전 프리뷰] - v.daum.net,https://news.google.com/rss/articles/CBMiRkFVX3lxTE1nR0N1dzZxRW0zZEdxMHdkY0ZMemo0dlRwaHlTazRYbTdwcGdYQ3pZZnBrTzdtSzVWRUVwNFNwOHAzMS0wbnc?oc=5,v.daum.net,Portal,
2026-04-02,2026-04-01,프리뷰,"도저히 예측 불가...대한민국 넘버1 대한항공과 정지석이냐, 현대캐피탈과 허수봉이냐 [챔프전 프리뷰] - v.daum.net",https://news.google.com/rss/articles/CBMiT0FVX3lxTE45Wkl5MVNEdWh2NHJBS3owUkhyc2FZb2FKVVJvTENJNXduSWdha2hXYW96eXRCMEcyd1ZIQjZuakstOGRldjJkdkpBRlBkSkU?oc=5,v.daum.net,Portal,
2026-04-02,2026-04-01,프리뷰,챔프전 앞둔 GS칼텍스 이영택 감독 “도로공사가 멤버 구성이 우위인 건 사실…모마를 최대한 흔들겠다” [김천 CH 1차전 프리뷰] - v.daum.net,https://news.google.com/rss/articles/CBMiT0FVX3lxTE03c3dIb0g3LW9LekRZNk5OOW4zTTRjWVEzWUF5YU5mWU9zTnpfWXpjYUw3YkxpRmJmTWJXOV83SjJNUXJNWHN0OXFqM1Ffa00?oc=5,v.daum.net,Portal,
2026-04-02,2026-04-01,프리뷰,"[BK 프리뷰] PO 마지노선에 선 KCC, 2위 싸움 지속해야 하는 SK",https://basketkorea.com/news/newsview.php?ncode=1065617287918182,네이버 뉴스,Portal,
2026-04-02,2026-04-01,프리뷰,[H리그 프리뷰] ‘전승 우승’ 향한 SK의 집념과 ‘4위 사수’ 필사의 사...,https://www.mk.co.kr/article/12004739,네이버 뉴스,Portal,
2026-04-02,2026-04-01,프리뷰,"[JB프리뷰] 허웅의 51점 그 후 58일, SK는 KCC에 설욕할 수 있을까?",https://m.sports.naver.com/basketball/article/065/0000295455,네이버 뉴스,Portal,
2026-04-02,2026-04-01,프리뷰,[마켓 프리뷰] 국내증시 4%대 급락…금융위기 이후 원화가치 최저치,https://biz.sbs.co.kr/article_hub/20000301195?division=NAVER,네이버 뉴스,Portal,
2026-04-02,2026-04-01,프리뷰,나라도 구사마도 100억 넘겼다…서울옥션 367억 경매가 남긴 것,https://view.asiae.co.kr/article/2026040114165330838,네이버 뉴스,Portal,
2026-04-02,2026-04-01,프리뷰,스크림 7-다시 돌아온 현대 공포영화의 전설[시네프리뷰],https://weekly.khan.co.kr/article/202604010600021,네이버 뉴스,Portal,
2026-04-02,2026-04-01,프리뷰,"엔비디아, DLSS 4.5 6배 멀티 프레임 생성 지원",https://zdnet.co.kr/view/?no=20260401102107,네이버 뉴스,Portal,
2026-04-02,2026-04-01,프리뷰,"엔비디아, DLSS 4.5 다이내믹 멀티 프레임 생성과 6배 멀티 프레임 생성...",https://gamefocus.co.kr/detail.php?number=174842,네이버 뉴스,Portal,
2026-04-02,2026-04-01,프리뷰,"엔씨, '아이온2' 시즌3 4월8일 도입…밸런스 TF팀도 구성",http://game.dailyesports.com/view.php?ud=20260401123031893143da15d9d2_26,네이버 뉴스,Portal,
2026-04-02,2026-04-01,프리뷰,"피로도 줄이고, 소통은 늘린다 …엔씨 '아이온2', 시즌 3 대격변 예고",https://www.youthdaily.co.kr/news/article.html?no=216568,네이버 뉴스,Portal,
2026-04-02,2026-04-01,프리뷰,[H리그 프리뷰] '전승 우승' 향한 SK의 집념과 '4위 사수' 필사의 사투 펼쳐진다 - 네이트 스포츠,https://news.google.com/rss/articles/CBMiXEFVX3lxTE1GSC1mT0ZGVHdVUEFwOThSSlBtMU9uMDUtZHhkSFUwNHMzY211UHRXcF9xd3VVYkh2ZzR3U1FHU1E0anFFY1g2UGxoY3lISWY4eXFkbEQyZGx3WXBS?oc=5,네이트 스포츠,Portal,
2026-04-02,2026-04-01,프리뷰,"[BK 프리뷰] PO 마지노선에 선 KCC, 2위 싸움 지속해야 하는 SK - 바스켓코리아",https://news.google.com/rss/articles/CBMid0FVX3lxTE05a2JOcnYwTzlXMkdjc1VYME13RU92UjFEQjdBMG9BcVl2cTNHSVZwTXZhU1JVLWJOcU53SE1DT0pQQnNTenNrb2ZoVGhuTUpzVlo5ODFWNVI1bmVpLXFuUEd5NlhmQm1iRF9yeTdrRDJNdFRkYmZn?oc=5,바스켓코리아,Portal,
2026-04-02,2026-04-01,프리뷰,[프리뷰] 전설의 귀환과 불펜 잔혹사 - 브런치,https://news.google.com/rss/articles/CBMiU0FVX3lxTE1wTGxONDQzSlNvOF9xTmoySmxVQUlXQkNnRVowd1FIb2dHXzlxem9udmhuV3BtRmRfQl91c0ZablMzUVNFTXBScG55VlFMN2lpenJz?oc=5,브런치,Portal,
2026-04-02,2026-04-01,프리뷰,"창원시립교향악단, 제373회 정기연주회 ‘교향악축제 프리뷰’ 개최 - 웹이코노미",https://news.google.com/rss/articles/CBMickFVX3lxTE1lZDRZRnQ2Wm9fTEtldWtFX21TUzI0Rzdzc0x1eXM4X3NqY3h0eGRDbzVrTTBJRTEwNU1CcHNoWkZzM2V1eFU1VnhFLW5iWjAwekt5X1RCSjNFMkozVERmVXdMMzAyMm5GZGpBejg3MkI3dw?oc=5,웹이코노미,Portal,
2026-04-02,2026-04-01,프리뷰,"[4월 서울 전시 프리뷰] 액자를 벗어난 예술, 내 방의 '브랜드'가 되다… H.아트브릿지 《Art to Brand》展 - 유스연합",https://news.google.com/rss/articles/CBMiUkFVX3lxTE5ZcGFrbVIxcS1hRWlDZk5kcGhNZjU5aWQ4S3JsOFl5ZF9BZXIwMUZRVzBmUE91U2YxZUdFS0t4RVJYOFE0ajR4STBXczdrV2Zicnc?oc=5,유스연합,Portal,